,fixed acidity,volatile acidity,citric acid,chlorides,total sulfur dioxide,density,sulphates,alcohol,quality,alcohol_higher,va_high
345,7.0,0.685,0.0,0.067,63.0,0.9979,0.81,9.9,5,0,1
1395,8.6,0.685,0.1,0.092,12.0,0.99745,0.65,9.55,6,0,1
997,5.6,0.66,0.0,0.087,11.0,0.99378,0.63,12.8,7,1,1
384,7.7,0.51,0.28,0.087,54.0,0.998,0.74,9.2,5,0,0
405,8.7,0.31,0.46,0.059,25.0,0.9966,0.76,10.1,6,0,0
1418,7.8,0.53,0.01,0.077,19.0,0.995,0.46,9.8,5,0,0
1382,8.0,0.6,0.22,0.08,105.0,0.99613,0.49,9.9,5,0,1
139,7.8,0.56,0.19,0.081,108.0,0.9962,0.54,9.5,5,0,0
657,12.0,0.5,0.59,0.073,42.0,0.998,0.68,10.5,7,0,0
1343,7.5,0.51,0.02,0.084,31.0,0.99538,0.54,10.5,6,0,0
1322,9.1,0.34,0.42,0.058,18.0,0.99392,0.55,11.4,5,0,0
471,9.6,0.54,0.42,0.081,52.0,0.997,0.71,11.4,6,0,0
1461,6.2,0.785,0.0,0.06,13.0,0.99664,0.61,10.0,4,0,1
590,9.0,0.45,0.49,0.084,75.0,0.9987,0.57,9.7,5,0,0
1516,6.1,0.32,0.25,0.071,58.0,0.99633,0.97,10.6,5,0,0
296,10.6,0.83,0.37,0.086,70.0,0.9981,0.52,9.9,5,0,1
347,13.8,0.49,0.67,0.093,15.0,0.9986,0.93,12.0,6,1,0
423,10.5,0.24,0.47,0.066,24.0,0.9978,0.9,11.0,7,0,0
1053,8.3,0.33,0.42,0.07,20.0,0.99426,0.77,12.7,7,1,0
593,9.9,0.49,0.58,0.094,43.0,1.0004,0.58,9.0,5,0,0
76,8.8,0.41,0.64,0.093,42.0,0.9986,0.66,10.5,5,0,0
1571,6.4,0.38,0.14,0.038,25.0,0.99514,0.65,11.1,6,0,0
683,8.1,0.78,0.23,0.059,15.0,0.997,0.56,11.3,5,0,1
844,9.9,0.25,0.46,0.062,42.0,0.9959,0.83,10.6,6,0,0
823,6.7,0.54,0.13,0.076,36.0,0.9973,0.64,9.8,5,0,0
1540,6.2,0.52,0.08,0.071,32.0,0.99646,0.63,11.6,6,1,0
427,9.5,0.78,0.22,0.077,32.0,0.9988,0.56,10.6,6,0,1
746,8.2,0.34,0.38,0.08,57.0,0.9978,0.47,9.0,6,0,0
611,13.2,0.38,0.55,0.081,16.0,1.0006,0.54,9.4,5,0,0
1585,7.2,0.39,0.44,0.066,48.0,0.99494,0.84,11.5,6,0,0
1225,9.2,0.46,0.23,0.091,77.0,0.99922,0.51,9.4,5,0,0
72,7.7,0.69,0.22,0.084,94.0,0.9961,0.48,9.5,5,0,1
1092,7.0,0.54,0.09,0.081,16.0,0.99479,0.59,11.5,6,0,0
709,9.7,0.31,0.47,0.062,33.0,0.9983,0.66,10.0,6,0,0
445,9.5,0.735,0.1,0.079,31.0,0.9986,0.56,10.1,6,0,1
907,6.1,0.56,0.0,0.079,9.0,0.9948,0.54,11.5,6,0,0
946,10.2,0.44,0.58,0.092,24.0,0.99745,0.99,12.0,7,1,0
123,8.0,0.71,0.0,0.08,34.0,0.9976,0.53,9.5,5,0,1
1184,6.7,0.64,0.23,0.08,119.0,0.99538,0.7,10.9,5,0,1
857,8.2,0.26,0.34,0.073,47.0,0.99594,0.78,11.3,7,0,0
783,6.5,0.46,0.14,0.114,37.0,0.99732,0.65,9.8,5,0,0
1127,6.3,0.76,0.0,0.072,52.0,0.99379,0.6,11.5,6,0,1
701,7.0,0.65,0.02,0.066,25.0,0.9972,0.67,9.5,6,0,1
1544,8.4,0.37,0.43,0.063,19.0,0.9955,0.81,11.2,7,0,0
773,7.9,0.4,0.29,0.157,44.0,0.9973,0.92,9.5,6,0,0
164,7.3,0.59,0.26,0.07,121.0,0.9981,0.49,9.4,5,0,0
943,9.8,0.5,0.34,0.094,45.0,0.99864,0.6,9.7,7,0,0
450,11.9,0.39,0.69,0.095,35.0,0.9994,0.61,10.8,6,0,0
1479,8.2,0.28,0.6,0.104,22.0,0.99828,0.68,10.6,5,0,0
817,10.8,0.29,0.42,0.084,27.0,0.99545,0.73,11.9,6,1,0
415,8.6,0.725,0.24,0.117,134.0,1.0014,1.07,9.3,5,0,1
1340,7.5,0.51,0.02,0.084,31.0,0.99538,0.54,10.5,6,0,0
687,9.1,0.64,0.23,0.095,38.0,0.9998,0.59,9.7,5,0,1
0,7.4,0.7,0.0,0.076,34.0,0.9978,0.56,9.4,5,0,1
8,7.8,0.58,0.02,0.073,18.0,0.9968,0.57,9.5,7,0,0
1247,7.4,0.55,0.19,0.082,34.0,0.99655,0.68,10.5,5,0,0
336,8.9,0.43,0.45,0.052,16.0,0.9948,0.7,12.5,6,1,0
1378,7.2,0.45,0.15,0.078,28.0,0.99609,0.51,9.9,6,0,0
351,9.1,0.795,0.0,0.096,26.0,0.9994,0.83,9.4,6,0,1
488,11.6,0.32,0.55,0.081,67.0,1.0002,0.92,10.8,7,0,0
925,8.6,0.22,0.36,0.064,77.0,0.99604,0.87,11.0,7,0,0
763,9.3,0.655,0.26,0.096,35.0,0.99738,0.42,9.6,5,0,1
128,8.0,0.59,0.16,0.065,16.0,0.9962,0.92,10.5,7,0,0
429,12.8,0.84,0.63,0.088,35.0,0.9997,0.6,10.4,6,0,1
1562,7.2,0.695,0.13,0.076,20.0,0.99546,0.54,10.1,5,0,1
965,8.3,0.34,0.4,0.065,48.0,0.99554,0.86,11.0,6,0,0
778,8.3,0.43,0.3,0.079,34.0,0.99788,0.61,10.5,5,0,0
1128,10.0,0.43,0.33,0.095,89.0,0.9984,0.68,10.0,5,0,0
96,6.8,0.775,0.0,0.102,23.0,0.9965,0.56,10.7,5,0,1
549,9.0,0.53,0.49,0.171,25.0,0.9975,0.61,9.4,6,0,0
175,6.9,0.5,0.04,0.085,49.0,0.9958,0.78,9.5,5,0,0
1350,9.0,0.6,0.29,0.069,73.0,0.99654,0.57,10.0,5,0,1
198,5.4,0.835,0.08,0.046,93.0,0.9924,0.85,13.0,7,1,1
1,7.8,0.88,0.0,0.098,67.0,0.9968,0.68,9.8,5,0,1
1357,7.3,0.43,0.24,0.078,67.0,0.99648,0.59,11.1,6,0,0
1317,9.9,0.44,0.46,0.091,41.0,0.99638,0.69,11.9,6,1,0
1427,7.6,0.41,0.33,0.078,23.0,0.9957,0.58,11.2,5,0,0
1559,7.8,0.6,0.26,0.08,131.0,0.99622,0.52,9.9,5,0,1
1204,7.2,0.36,0.46,0.074,44.0,0.99534,0.85,11.0,7,0,0
361,8.6,0.45,0.31,0.086,50.0,0.9982,0.91,9.9,6,0,0
880,9.2,0.56,0.18,0.078,21.0,0.99576,0.49,9.9,5,0,0
1049,9.3,0.5,0.36,0.084,17.0,0.99704,0.77,10.8,6,0,0
83,7.3,0.67,0.26,0.401,51.0,0.9969,1.14,9.4,5,0,1
229,6.9,0.52,0.25,0.081,37.0,0.99685,0.5,11.0,5,0,0
1314,7.0,0.36,0.21,0.086,69.0,0.99556,0.53,10.1,6,0,0
976,7.2,0.41,0.3,0.083,72.0,0.997,0.52,9.4,5,0,0
865,7.2,0.635,0.07,0.077,86.0,0.99748,0.54,9.7,5,0,1
953,10.2,0.34,0.48,0.052,9.0,0.99458,0.69,12.1,7,1,0
1171,7.1,0.59,0.0,0.078,44.0,0.99522,0.68,10.8,6,0,0
753,8.3,0.65,0.1,0.089,40.0,0.99803,0.55,9.5,5,0,1
1076,9.9,0.32,0.56,0.073,8.0,0.99534,0.73,11.4,6,0,0
1298,5.7,0.6,0.0,0.063,18.0,0.99191,0.56,12.2,6,1,1
1454,11.7,0.45,0.63,0.073,23.0,0.99974,0.69,10.9,6,0,0
1324,6.7,0.46,0.24,0.077,34.0,0.9948,0.6,10.6,6,0,0
736,7.7,0.965,0.1,0.112,22.0,0.9963,0.5,9.5,5,0,1
503,10.5,0.26,0.47,0.078,24.0,0.9976,1.04,10.9,7,0,0
1396,8.7,0.675,0.1,0.09,11.0,0.99745,0.65,9.55,5,0,1
1524,6.0,0.42,0.19,0.075,47.0,0.99522,0.78,10.0,6,0,0
1379,7.5,0.57,0.02,0.077,35.0,0.99557,0.62,10.8,6,0,0
238,7.2,0.63,0.0,0.097,38.0,0.99675,0.58,9.0,6,0,1
1253,7.9,0.66,0.0,0.096,13.0,0.99569,0.58,9.5,5,0,1
1248,6.9,0.41,0.33,0.081,36.0,0.9949,0.75,11.1,6,0,0
1584,6.7,0.32,0.44,0.061,34.0,0.99484,0.8,11.6,7,1,0
757,8.1,0.87,0.0,0.084,31.0,0.99656,0.5,9.8,5,0,1
1335,6.6,0.58,0.02,0.069,40.0,0.99387,0.66,12.6,6,1,0
1005,6.8,0.36,0.32,0.067,8.0,0.9928,0.55,12.8,7,1,0
647,8.3,0.845,0.01,0.07,14.0,0.9967,0.58,11.0,4,0,1
218,7.5,0.49,0.19,0.076,44.0,0.9957,0.54,9.7,5,0,0
420,9.5,0.56,0.33,0.089,67.0,0.9972,0.73,11.8,7,1,0
728,6.4,0.57,0.02,0.067,11.0,0.997,0.68,9.5,5,0,0
15,8.9,0.62,0.19,0.17,148.0,0.9986,0.93,9.2,5,0,1
720,8.4,0.56,0.04,0.082,22.0,0.9976,0.44,9.6,5,0,0
826,7.5,0.27,0.34,0.05,8.0,0.9951,0.64,11.0,7,0,0
1110,8.3,0.53,0.0,0.07,14.0,0.99593,0.64,10.0,6,0,0
134,7.9,1.04,0.05,0.084,29.0,0.9959,0.55,9.9,6,0,1
1561,7.8,0.6,0.26,0.08,131.0,0.99622,0.52,9.9,5,0,1
1106,8.2,0.23,0.42,0.069,17.0,0.99376,0.54,12.3,6,1,0
353,13.5,0.53,0.79,0.12,77.0,1.0018,0.77,13.0,5,1,0
363,12.5,0.46,0.63,0.071,15.0,0.9988,0.87,10.2,5,0,0
57,7.5,0.63,0.12,0.111,110.0,0.9983,0.77,9.4,5,0,1
254,7.1,0.6,0.0,0.074,34.0,0.9972,0.7,9.9,6,0,1
1138,7.5,0.41,0.15,0.104,94.0,0.99786,0.58,9.1,5,0,0
1135,8.0,0.25,0.43,0.067,50.0,0.9946,0.6,11.9,6,1,0
1271,7.3,0.44,0.2,0.049,64.0,0.9935,0.57,11.7,6,1,0
1187,7.0,0.43,0.3,0.085,39.0,0.99346,0.46,11.9,6,1,0
599,12.7,0.59,0.45,0.082,22.0,1.0,0.7,9.3,6,0,0
571,6.2,0.36,0.24,0.095,42.0,0.9946,0.57,11.7,6,1,0
1348,7.2,0.655,0.03,0.078,12.0,0.99587,0.39,9.5,5,0,1
125,9.0,0.62,0.04,0.146,90.0,0.9984,0.7,9.4,5,0,1
410,9.0,0.43,0.34,0.08,86.0,0.9987,0.62,9.5,6,0,0
458,10.4,0.33,0.63,0.084,22.0,0.9998,0.74,11.2,7,0,0
909,7.3,0.305,0.39,0.059,11.0,0.99331,0.52,11.5,6,0,0
178,7.0,0.805,0.0,0.068,20.0,0.9969,0.56,9.6,5,0,1
1122,6.3,0.47,0.0,0.055,33.0,0.9922,0.48,12.3,6,1,0
616,9.6,0.6,0.5,0.079,71.0,0.9997,0.57,9.7,5,0,1
1391,8.0,0.64,0.22,0.094,33.0,0.99612,0.58,11.0,5,0,1
388,7.8,0.46,0.26,0.088,53.0,0.9981,0.74,9.2,6,0,0
1207,9.9,0.72,0.55,0.136,52.0,0.99752,0.94,10.0,5,0,1
959,8.0,0.59,0.05,0.089,32.0,0.99735,0.61,10.0,5,0,0
1451,7.8,0.32,0.44,0.104,17.0,0.99732,0.78,11.0,7,0,0
1237,7.1,0.75,0.01,0.059,18.0,0.99242,0.4,12.8,6,1,1
513,10.5,0.51,0.64,0.107,15.0,0.9973,0.66,11.8,7,1,0
449,11.9,0.39,0.69,0.095,35.0,0.9994,0.61,10.8,6,0,0
932,7.6,0.4,0.29,0.078,66.0,0.9971,0.59,9.5,6,0,0
713,8.0,0.43,0.36,0.075,48.0,0.9976,0.46,9.4,5,0,0
307,10.3,0.41,0.42,0.213,14.0,0.9994,0.62,9.5,6,0,0
698,9.4,0.615,0.28,0.087,72.0,1.0001,0.53,9.7,5,0,1
775,7.2,1.0,0.0,0.102,16.0,0.99586,0.46,10.0,5,0,1
1430,7.4,0.41,0.24,0.066,47.0,0.9956,0.62,10.4,5,0,0
29,7.8,0.645,0.0,0.082,16.0,0.9964,0.59,9.8,6,0,1
245,7.3,0.66,0.0,0.084,23.0,0.9983,0.96,9.9,6,0,1
1595,5.9,0.55,0.1,0.062,51.0,0.99512,0.76,11.2,6,0,0
1192,7.2,0.25,0.37,0.063,41.0,0.99439,0.8,12.4,7,1,0
152,7.5,0.6,0.03,0.095,99.0,0.995,0.54,10.1,5,0,1
1219,9.0,0.39,0.4,0.044,50.0,0.99478,0.83,10.9,6,0,0
443,10.0,0.44,0.49,0.077,19.0,0.9963,0.63,11.6,7,1,0
1374,6.8,0.815,0.0,0.267,29.0,0.99471,0.51,9.8,3,0,1
676,10.8,0.4,0.41,0.084,17.0,0.9984,0.67,9.3,6,0,0
1222,8.1,0.53,0.22,0.078,89.0,0.99678,0.46,9.6,6,0,0
124,7.8,0.5,0.17,0.082,102.0,0.996,0.48,9.5,5,0,0
934,6.6,0.61,0.01,0.08,25.0,0.99746,0.73,10.5,5,0,1
1442,6.9,0.63,0.02,0.078,30.0,0.99712,0.75,9.8,5,0,1
357,10.5,0.42,0.66,0.116,29.0,0.997,0.75,11.7,7,1,0
454,7.0,0.23,0.4,0.063,67.0,0.9952,0.63,11.1,5,0,0
1277,7.0,0.69,0.0,0.114,10.0,0.99636,0.6,9.7,6,0,1
1073,8.0,0.62,0.33,0.088,37.0,0.9972,0.58,10.7,6,0,1
333,8.4,0.56,0.08,0.105,44.0,0.9958,0.52,11.0,5,0,0
1511,7.1,0.69,0.04,0.068,27.0,0.99712,0.67,9.8,5,0,1
944,8.3,0.3,0.49,0.09,24.0,0.99498,0.64,12.1,7,1,0
1284,7.0,0.42,0.19,0.071,36.0,0.99476,0.56,10.9,5,0,0
1303,8.0,0.28,0.44,0.081,68.0,0.99501,0.66,11.2,5,0,0
642,9.9,0.54,0.45,0.071,40.0,0.9991,0.62,9.4,5,0,0
1097,8.6,0.52,0.38,0.096,18.0,0.99666,0.52,9.4,5,0,0
1239,6.5,0.67,0.0,0.057,20.0,0.99488,0.56,11.8,4,1,1
274,7.5,0.65,0.18,0.088,94.0,0.99915,0.77,9.4,5,0,1
1082,7.2,0.38,0.3,0.073,70.0,0.99685,0.59,9.5,6,0,0
153,7.5,0.6,0.03,0.095,99.0,0.995,0.54,10.1,5,0,1
1353,7.6,0.645,0.03,0.086,57.0,0.9969,0.46,10.3,5,0,1
1578,6.8,0.67,0.15,0.118,20.0,0.9954,0.67,11.3,6,0,1
1137,10.4,0.52,0.45,0.08,13.0,0.99774,0.76,11.4,6,0,0
1060,11.6,0.23,0.57,0.074,8.0,0.9981,0.7,9.9,6,0,0
301,11.1,0.18,0.48,0.068,15.0,0.9973,0.64,10.1,6,0,0
868,6.8,0.56,0.22,0.074,24.0,0.99438,0.82,11.2,6,0,0
898,8.3,0.31,0.39,0.078,43.0,0.99444,0.77,12.5,7,1,0
1399,7.2,0.67,0.0,0.068,24.0,0.9956,0.72,11.1,6,0,1
849,6.4,0.63,0.21,0.08,32.0,0.99689,0.66,9.8,5,0,1
1162,8.5,0.32,0.42,0.075,19.0,0.99434,0.71,11.8,7,1,0
162,7.8,0.53,0.04,0.076,31.0,0.9964,0.56,10.0,6,0,0
994,10.0,0.35,0.45,0.092,88.0,0.99918,0.43,9.4,5,0,0
1387,7.4,0.64,0.07,0.1,23.0,0.9961,0.58,9.6,5,0,1
133,6.6,0.5,0.01,0.06,26.0,0.9952,0.58,9.8,6,0,0
1594,6.2,0.6,0.08,0.09,44.0,0.9949,0.58,10.5,5,0,1
1047,7.1,0.43,0.17,0.082,51.0,0.99634,0.64,10.4,5,0,0
1423,6.4,0.53,0.09,0.123,31.0,0.9968,0.67,11.0,4,0,0
255,8.0,0.57,0.23,0.073,119.0,0.99675,0.57,9.3,5,0,0
147,7.6,0.49,0.26,0.236,88.0,0.9968,0.8,9.3,5,0,0
161,7.6,0.68,0.02,0.072,20.0,0.9965,1.08,9.2,4,0,1
368,10.3,0.34,0.52,0.159,75.0,0.9998,0.64,9.4,5,0,0
573,10.5,0.59,0.49,0.07,47.0,0.9991,0.56,9.6,4,0,0
1209,6.2,0.39,0.43,0.071,24.0,0.99428,0.87,11.2,7,0,0
43,8.1,0.66,0.22,0.069,23.0,0.9968,1.2,10.3,5,0,1
4,7.4,0.7,0.0,0.076,34.0,0.9978,0.56,9.4,5,0,1
84,6.3,0.3,0.48,0.069,61.0,0.9959,0.78,10.3,6,0,0
116,8.3,0.54,0.28,0.077,40.0,0.9978,0.61,10.0,6,0,0
1326,6.7,0.46,0.24,0.077,34.0,0.9948,0.6,10.6,6,0,0
208,7.8,0.44,0.28,0.1,95.0,0.9966,0.67,9.4,5,0,0
1349,6.9,0.57,0.0,0.081,41.0,0.99518,0.52,10.8,5,0,0
1439,7.3,0.67,0.02,0.072,92.0,0.99566,0.68,11.0666666666667,6,0,1
1368,8.0,0.77,0.32,0.079,74.0,0.99656,0.5,9.8,6,0,1
328,13.4,0.27,0.62,0.082,21.0,1.0002,0.67,9.7,6,0,0
47,8.7,0.29,0.52,0.113,37.0,0.9969,0.58,9.5,5,0,0
1177,7.1,0.66,0.0,0.052,11.0,0.99318,0.66,12.7,7,1,1
1351,7.2,0.62,0.01,0.065,46.0,0.99332,0.51,11.8,6,1,1
924,8.6,0.47,0.27,0.055,28.0,0.99516,0.8,11.2,5,0,0
686,7.1,0.65,0.18,0.07,40.0,0.997,0.6,9.1,5,0,1
1294,8.2,0.635,0.1,0.073,60.0,0.99638,0.75,10.9,6,0,1
801,8.6,0.55,0.09,0.068,17.0,0.99735,0.44,10.0,5,0,0
129,6.1,0.38,0.15,0.072,19.0,0.9955,0.57,9.4,5,0,0
1034,8.9,0.745,0.18,0.077,48.0,0.99739,0.47,9.7,6,0,1
806,8.4,0.25,0.39,0.041,10.0,0.99386,0.71,12.5,7,1,0
617,11.5,0.31,0.51,0.079,28.0,0.9982,0.93,9.8,6,0,0
263,7.9,0.37,0.23,0.077,49.0,0.9963,0.67,9.3,5,0,0
1576,8.0,0.3,0.63,0.081,29.0,0.99588,0.78,10.8,6,0,0
1539,7.2,0.39,0.32,0.065,60.0,0.99714,0.78,9.9,5,0,0
1518,7.4,0.47,0.46,0.114,20.0,0.99647,0.63,10.5,5,0,0
544,14.3,0.31,0.74,0.075,15.0,1.0008,0.79,8.4,6,0,0
508,10.0,0.59,0.31,0.09,62.0,0.9994,0.63,10.2,6,0,0
1415,6.2,0.58,0.0,0.065,18.0,0.9966,0.84,9.4,5,0,0
1446,6.9,0.63,0.02,0.078,30.0,0.99712,0.75,9.8,5,0,1
270,7.9,0.545,0.06,0.087,61.0,0.9965,0.67,10.7,6,0,0
920,9.6,0.41,0.37,0.091,23.0,0.99786,0.56,10.5,5,0,0
109,8.1,0.785,0.52,0.122,153.0,0.9969,0.69,9.3,5,0,1
815,10.8,0.45,0.33,0.099,38.0,0.99818,0.71,10.8,5,0,0
71,7.7,0.67,0.23,0.088,96.0,0.9962,0.48,9.5,5,0,1
694,9.0,0.47,0.31,0.084,125.0,0.9984,0.61,9.4,5,0,0
228,7.7,0.43,0.25,0.073,63.0,0.99615,0.58,10.5,6,0,0
1142,6.9,0.45,0.11,0.043,12.0,0.99354,0.65,11.4,6,0,0
486,10.2,0.67,0.39,0.054,17.0,0.9976,0.47,10.0,5,0,1
1028,7.2,0.34,0.21,0.075,68.0,0.99586,0.54,10.1,6,0,0
545,9.1,0.47,0.49,0.094,106.0,0.9982,0.59,9.1,5,0,0
1514,6.9,0.84,0.21,0.074,65.0,0.99842,0.72,9.23333333333333,6,0,1
1276,8.5,0.4,0.4,0.05,10.0,0.99566,0.56,12.0,4,1,0
204,7.0,0.43,0.36,0.089,37.0,0.99615,0.56,9.2,6,0,0
591,6.6,0.39,0.49,0.07,149.0,0.9922,0.5,11.5,6,0,0
1130,9.1,0.6,0.0,0.058,10.0,0.9977,0.63,10.4,6,0,1
298,7.2,0.65,0.02,0.094,31.0,0.9993,0.8,9.7,5,0,1
261,7.0,0.975,0.04,0.087,67.0,0.99565,0.6,9.4,4,0,1
191,6.4,0.37,0.25,0.074,49.0,0.9974,0.62,9.8,6,0,0
460,9.2,0.43,0.52,0.083,23.0,0.9976,0.61,11.3,6,0,0
1591,5.4,0.74,0.09,0.089,26.0,0.99402,0.56,11.6,6,1,1
352,7.7,0.665,0.0,0.09,19.0,0.9974,0.73,9.3,5,0,1
1311,6.5,0.51,0.15,0.064,27.0,0.9929,0.59,12.8,6,1,0
79,8.3,0.625,0.2,0.08,119.0,0.9972,1.12,9.1,4,0,1
785,9.9,0.35,0.41,0.083,61.0,0.9982,0.5,9.5,5,0,0
1201,7.9,0.34,0.36,0.065,10.0,0.99419,0.54,11.2,7,0,0
1141,8.2,0.38,0.32,0.08,71.0,0.99624,0.85,11.0,6,0,0
1275,8.0,0.715,0.22,0.075,81.0,0.99688,0.54,9.5,6,0,1
155,7.1,0.43,0.42,0.071,128.0,0.9973,0.71,10.5,5,0,0
820,7.0,0.685,0.0,0.099,22.0,0.99606,0.6,9.7,5,0,1
28,7.1,0.71,0.0,0.08,35.0,0.9972,0.55,9.4,5,0,1
1366,7.3,0.74,0.08,0.094,45.0,0.99576,0.5,9.8,5,0,1
985,7.4,0.58,0.0,0.064,11.0,0.99562,0.58,11.3,6,0,0
453,10.4,0.33,0.63,0.084,22.0,0.9998,0.74,11.2,7,0,0
477,10.4,0.24,0.49,0.075,20.0,0.9977,1.06,11.0,6,0,0
722,7.6,0.42,0.08,0.084,48.0,0.9968,0.59,10.0,5,0,0
1527,7.1,0.53,0.07,0.071,24.0,0.9951,0.66,10.8,6,0,0
374,14.0,0.41,0.63,0.089,47.0,1.0014,0.81,10.8,6,0,0
1230,7.7,0.18,0.34,0.066,58.0,0.9947,0.78,11.8,6,1,0
1538,6.2,0.64,0.09,0.081,26.0,0.99538,0.63,12.0,5,1,1
309,7.4,0.29,0.38,0.062,30.0,0.9968,0.53,9.5,6,0,0
518,10.9,0.21,0.49,0.088,32.0,0.9972,0.68,11.7,6,1,0
186,7.4,0.39,0.48,0.082,67.0,0.9972,0.55,9.2,5,0,0
742,6.5,0.615,0.0,0.065,18.0,0.9972,0.65,9.2,5,0,1
90,7.9,0.52,0.26,0.079,140.0,0.9964,0.54,9.5,5,0,0
95,4.7,0.6,0.17,0.058,106.0,0.9932,0.6,12.9,6,1,1
342,10.9,0.39,0.47,0.118,14.0,0.9982,0.75,9.8,6,0,0
1450,7.2,0.37,0.32,0.062,28.0,0.9947,0.73,11.3,7,0,0
1458,8.4,0.29,0.4,0.067,20.0,0.99603,0.6,10.5,5,0,0
242,7.7,0.58,0.1,0.102,109.0,0.99565,0.49,9.8,6,0,0
16,8.5,0.28,0.56,0.092,103.0,0.9969,0.75,10.5,7,0,0
1344,11.5,0.42,0.48,0.077,20.0,0.99852,0.53,11.0,5,0,0
1195,6.2,0.43,0.22,0.078,56.0,0.99633,0.6,9.5,6,0,0
406,9.8,0.44,0.47,0.063,28.0,0.9981,0.65,10.8,6,0,0
1188,6.7,0.64,0.23,0.08,119.0,0.99538,0.7,10.9,5,0,1
305,10.3,0.53,0.48,0.063,25.0,0.9998,0.59,9.3,6,0,0
156,7.1,0.43,0.42,0.07,129.0,0.9973,0.72,10.5,5,0,0
412,7.1,0.735,0.16,0.1,77.0,0.9966,0.64,9.3,5,0,1
295,10.8,0.5,0.46,0.073,27.0,1.0001,0.64,9.5,5,0,0
1506,6.8,0.81,0.05,0.07,14.0,0.99562,0.66,10.8,6,0,1
1286,7.1,0.16,0.44,0.068,31.0,0.99328,0.54,12.4,6,1,0
779,7.1,0.52,0.03,0.076,92.0,0.99745,0.6,9.8,5,0,0
319,9.6,0.77,0.12,0.082,74.0,0.99865,0.64,10.4,6,0,1
373,7.4,0.55,0.22,0.106,72.0,0.9959,0.63,9.2,5,0,0
1273,7.5,0.58,0.2,0.073,44.0,0.99494,0.43,9.3,5,0,0
426,6.4,0.67,0.08,0.045,48.0,0.9949,0.49,11.4,6,0,1
241,12.0,0.38,0.56,0.093,24.0,0.99925,0.71,10.9,6,0,0
1020,11.3,0.36,0.66,0.123,8.0,0.99642,0.53,11.9,6,1,0
1593,6.8,0.62,0.08,0.068,38.0,0.99651,0.82,9.5,6,0,1
474,10.5,0.28,0.51,0.08,24.0,0.9982,0.89,9.4,6,0,0
1030,7.1,0.59,0.0,0.091,14.0,0.99488,0.55,11.5,7,0,0
1381,6.8,0.83,0.09,0.074,25.0,0.99534,0.45,9.6,5,0,1
497,7.2,0.34,0.32,0.09,113.0,0.9966,0.79,11.1,5,0,0
670,6.9,0.4,0.24,0.083,45.0,0.9959,0.58,10.0,5,0,0
1045,6.9,0.44,0.0,0.07,38.0,0.99438,0.58,11.4,6,0,0
881,7.6,0.715,0.0,0.068,35.0,0.99533,0.65,11.4,6,0,1
537,8.1,0.825,0.24,0.084,13.0,0.9972,0.77,10.7,6,0,1
956,9.0,0.36,0.52,0.111,10.0,0.99568,0.62,11.3,6,0,0
470,13.0,0.32,0.65,0.093,47.0,0.9996,0.61,10.6,5,0,0
256,9.4,0.34,0.37,0.075,13.0,0.998,0.62,9.2,5,0,0
118,8.8,0.55,0.04,0.119,56.0,0.9962,0.6,10.9,6,0,0
66,7.5,0.52,0.11,0.079,39.0,0.9968,0.58,9.6,5,0,0
725,9.0,0.66,0.17,0.077,13.0,0.9976,0.55,10.4,5,0,1
230,5.2,0.48,0.04,0.054,106.0,0.9927,0.62,12.2,7,1,0
303,7.4,0.67,0.12,0.186,21.0,0.996,0.54,9.5,5,0,1
1161,8.8,0.45,0.43,0.076,21.0,0.99551,0.75,10.2,6,0,0
24,6.9,0.4,0.14,0.085,40.0,0.9968,0.63,9.7,6,0,0
433,12.3,0.39,0.63,0.091,18.0,1.0004,0.49,9.5,5,0,0
1094,6.6,0.725,0.09,0.117,17.0,0.99655,0.49,10.8,6,0,1
618,11.4,0.46,0.5,0.122,17.0,1.0006,0.7,10.2,5,0,0
275,7.9,0.545,0.06,0.087,61.0,0.9965,0.67,10.7,6,0,0
1465,6.8,0.59,0.1,0.063,53.0,0.9958,0.67,9.7,5,0,0
1579,6.2,0.56,0.09,0.053,32.0,0.99402,0.6,11.3,5,0,0
1525,6.7,0.48,0.08,0.064,34.0,0.99552,0.64,9.7,5,0,0
598,8.5,0.585,0.18,0.078,30.0,0.9967,0.48,9.8,6,0,0
1425,8.3,0.26,0.37,0.076,23.0,0.9974,0.7,9.6,6,0,0
1002,9.1,0.29,0.33,0.063,27.0,0.99516,0.84,11.7,7,1,0
478,9.6,0.68,0.24,0.087,28.0,0.9988,0.6,10.2,5,0,1
498,10.7,0.35,0.53,0.07,16.0,0.9972,0.65,11.0,8,0,0
967,8.5,0.66,0.2,0.097,113.0,0.99733,0.48,9.2,5,0,1
2,7.8,0.76,0.04,0.092,54.0,0.997,0.65,9.8,5,0,1
589,10.2,0.29,0.49,0.059,13.0,0.9976,0.74,10.5,7,0,0
1548,11.2,0.4,0.5,0.099,50.0,0.99783,0.58,10.4,5,0,0
1588,7.2,0.66,0.33,0.068,102.0,0.99414,0.78,12.8,6,1,1
1589,6.6,0.725,0.2,0.073,79.0,0.9977,0.54,9.2,5,0,1
1481,8.2,0.28,0.6,0.104,22.0,0.99828,0.68,10.6,5,0,0
663,10.1,0.28,0.46,0.05,13.0,0.9974,0.79,10.2,6,0,0
56,10.2,0.42,0.57,0.07,10.0,0.9971,0.63,9.6,5,0,0
1282,7.9,0.765,0.0,0.084,22.0,0.99619,0.68,10.9,6,0,1
673,8.2,0.73,0.21,0.074,13.0,0.9968,0.52,9.5,5,0,1
840,11.1,0.42,0.47,0.085,34.0,0.99736,0.77,12.1,7,1,0
337,7.8,0.43,0.32,0.08,58.0,0.9974,0.64,10.3,5,0,0
249,7.3,0.66,0.0,0.084,23.0,0.9983,0.96,9.9,6,0,1
1068,11.1,0.31,0.53,0.06,10.0,0.99572,0.83,10.9,7,0,0
33,6.9,0.605,0.12,0.073,83.0,0.9993,0.52,9.4,6,0,1
37,8.1,0.38,0.28,0.066,30.0,0.9968,0.73,9.7,7,0,0
1345,8.2,0.44,0.24,0.063,28.0,0.99613,0.53,10.2,6,0,0
800,7.2,0.61,0.08,0.082,108.0,0.99641,0.51,9.4,5,0,1
1429,7.9,0.18,0.4,0.049,67.0,0.996,0.93,11.3,5,0,0
165,7.8,0.63,0.48,0.1,96.0,0.9961,0.62,9.5,5,0,1
1071,7.5,0.77,0.2,0.098,92.0,0.99892,0.58,9.2,5,0,1
1022,7.0,0.51,0.09,0.062,9.0,0.99584,0.54,10.5,5,0,0
97,7.0,0.5,0.25,0.07,22.0,0.9963,0.63,9.2,5,0,0
280,11.4,0.26,0.44,0.071,19.0,0.9986,0.82,9.3,6,0,0
1078,8.6,0.37,0.65,0.08,8.0,0.99817,0.58,11.0,5,0,0
574,10.6,0.34,0.49,0.078,78.0,0.9992,0.7,10.0,6,0,0
1354,7.2,0.58,0.03,0.077,28.0,0.99568,0.52,10.0,5,0,0
1220,10.9,0.32,0.52,0.132,44.0,0.99734,0.77,11.5,6,0,0
397,11.5,0.59,0.59,0.087,49.0,0.9988,0.65,11.0,6,0,0
749,7.3,0.51,0.18,0.07,28.0,0.99768,0.73,9.5,6,0,0
1337,6.0,0.5,0.0,0.057,26.0,0.99448,0.45,9.5,5,0,0
1541,7.4,0.25,0.29,0.054,49.0,0.99666,0.76,10.9,7,0,0
1529,7.1,0.69,0.08,0.063,52.0,0.99608,0.6,10.2,6,0,1
721,8.9,0.48,0.24,0.094,106.0,0.9982,0.53,9.2,5,0,0
984,12.2,0.45,0.49,0.075,6.0,0.9969,0.63,10.4,5,0,0
630,8.7,0.54,0.26,0.097,31.0,0.9976,0.6,9.3,6,0,0
564,13.0,0.47,0.49,0.085,47.0,1.0021,0.68,12.7,6,1,0
234,8.2,1.0,0.09,0.065,37.0,0.99685,0.55,9.0,6,0,1
1088,11.6,0.41,0.54,0.095,41.0,0.99735,0.76,9.9,7,0,0
324,10.0,0.49,0.2,0.071,50.0,1.0015,0.69,9.2,6,0,0
49,5.6,0.31,0.37,0.074,96.0,0.9954,0.58,9.2,5,0,0
276,6.9,0.54,0.04,0.077,27.0,0.9987,0.91,9.4,6,0,0
1313,7.0,0.36,0.21,0.086,65.0,0.99558,0.54,10.1,6,0,0
744,11.1,0.39,0.54,0.095,101.0,1.0001,0.51,9.5,5,0,0
786,9.9,0.35,0.41,0.083,61.0,0.9982,0.5,9.5,5,0,0
1367,6.9,0.54,0.3,0.088,105.0,0.99725,1.18,10.5,6,0,0
1507,7.5,0.38,0.57,0.106,12.0,0.99605,0.55,11.4,6,0,0
1257,7.0,0.58,0.28,0.085,69.0,0.99633,0.7,11.0,6,0,0
633,10.1,0.935,0.22,0.105,86.0,1.001,0.64,11.3,4,0,1
768,7.1,0.59,0.02,0.082,94.0,0.99744,0.53,9.7,6,0,0
835,7.6,0.665,0.1,0.066,55.0,0.99655,0.51,9.3,5,0,1
1403,7.2,0.33,0.33,0.061,13.0,0.996,1.1,10.0,8,0,0
199,6.9,1.09,0.06,0.061,31.0,0.9948,0.43,11.4,4,0,1
1044,6.4,0.39,0.33,0.046,53.0,0.99294,0.62,12.2,6,1,0
685,8.1,0.78,0.23,0.059,15.0,0.997,0.56,11.3,5,0,1
690,7.4,1.185,0.0,0.097,14.0,0.9966,0.54,10.7,3,0,1
733,7.0,0.45,0.34,0.082,72.0,0.998,0.6,9.5,5,0,0
344,11.9,0.57,0.5,0.082,32.0,1.0006,0.78,10.7,6,0,0
1347,7.2,0.655,0.03,0.078,12.0,0.99587,0.39,9.5,5,0,1
1565,6.7,0.67,0.02,0.061,42.0,0.99489,0.82,10.9,6,0,1
614,9.2,0.755,0.18,0.148,103.0,0.9969,1.36,10.2,6,0,1
306,7.6,0.62,0.32,0.082,54.0,0.9966,0.52,9.4,5,0,1
1495,7.0,0.43,0.02,0.08,28.0,0.99492,0.81,10.6,6,0,0
1420,7.8,0.53,0.01,0.077,19.0,0.995,0.46,9.8,5,0,0
1404,8.0,0.5,0.39,0.082,46.0,0.9985,0.62,10.7,6,0,0
662,7.2,0.57,0.06,0.076,27.0,0.9972,0.7,9.6,6,0,0
680,13.3,0.43,0.58,0.07,40.0,1.0004,0.49,9.0,5,0,0
666,8.3,0.49,0.36,0.222,16.0,0.998,0.6,9.5,6,0,0
188,7.9,0.5,0.33,0.084,143.0,0.9968,0.55,9.5,5,0,0
509,13.3,0.29,0.75,0.084,43.0,0.9986,0.68,11.4,7,0,0
982,7.3,0.52,0.32,0.07,70.0,0.99418,0.82,12.9,6,1,0
1123,10.7,0.4,0.37,0.081,29.0,0.99674,0.65,11.2,6,0,0
671,8.2,0.73,0.21,0.074,13.0,0.9968,0.52,9.5,5,0,1
316,9.6,0.56,0.23,0.102,92.0,0.9996,0.65,10.1,5,0,0
434,10.4,0.41,0.55,0.076,54.0,0.9996,0.89,9.9,6,0,0
1432,5.9,0.44,0.0,0.042,11.0,0.9944,0.85,11.7,6,1,0
1200,7.7,0.57,0.21,0.069,9.0,0.99458,0.54,9.8,6,0,0
643,9.5,0.59,0.44,0.071,68.0,0.9992,0.63,9.5,5,0,0
1315,7.5,0.63,0.27,0.083,91.0,0.99616,0.58,9.8,6,0,1
1435,10.2,0.54,0.37,0.214,95.0,1.00369,0.77,9.0,6,0,0
381,13.7,0.415,0.68,0.085,43.0,1.0014,0.8,10.0,6,0,0
650,10.7,0.43,0.39,0.106,32.0,0.9986,0.5,9.6,5,0,0
326,11.6,0.53,0.66,0.121,14.0,0.9978,0.74,11.5,7,0,0
1407,6.0,0.51,0.0,0.064,54.0,0.995,0.93,10.7,6,0,0
149,8.2,0.4,0.44,0.089,43.0,0.9975,0.61,10.5,6,0,0
391,13.7,0.415,0.68,0.085,43.0,1.0014,0.8,10.0,6,0,0
824,7.1,0.48,0.28,0.068,16.0,0.99682,0.53,10.3,5,0,0
613,8.2,0.39,0.38,0.058,29.0,0.9962,0.74,9.8,5,0,0
413,9.9,0.4,0.53,0.097,19.0,0.9986,0.82,11.7,7,1,0
317,9.6,0.77,0.12,0.082,74.0,0.99865,0.64,10.4,6,0,1
885,8.9,0.75,0.14,0.086,30.0,0.99824,0.64,10.5,5,0,1
661,7.5,0.42,0.31,0.08,42.0,0.9978,0.64,9.0,5,0,0
802,5.1,0.585,0.0,0.044,86.0,0.99264,0.94,12.9,7,1,0
20,8.9,0.22,0.48,0.077,60.0,0.9968,0.53,9.4,6,0,0
790,7.4,0.37,0.43,0.082,82.0,0.99708,0.68,9.7,6,0,0
882,8.4,0.31,0.29,0.194,26.0,0.99536,0.78,12.0,6,1,0
1398,7.0,0.6,0.12,0.083,28.0,0.9966,0.62,10.2,7,0,1
1070,9.3,0.33,0.45,0.057,37.0,0.99498,0.89,11.1,7,0,0
1531,6.1,0.705,0.1,0.081,28.0,0.99631,0.66,10.2,5,0,1
1310,7.5,0.61,0.26,0.073,88.0,0.99612,0.53,9.8,5,0,1
546,7.5,0.55,0.24,0.078,28.0,0.9983,0.78,9.5,6,0,0
1388,6.6,0.64,0.31,0.083,49.0,0.99718,0.68,10.3,5,0,1
958,6.4,0.57,0.12,0.12,36.0,0.99519,0.71,11.3,7,0,0
1469,7.3,0.98,0.05,0.061,49.0,0.99705,0.55,9.7,3,0,1
1029,7.7,0.58,0.01,0.088,18.0,0.99568,0.56,10.5,7,0,0
980,9.1,0.5,0.3,0.065,17.0,0.99774,0.71,10.5,6,0,0
375,11.5,0.54,0.71,0.124,15.0,0.9984,0.83,11.8,7,1,0
581,12.3,0.5,0.49,0.089,14.0,1.0002,0.44,9.6,5,0,0
637,9.5,0.885,0.27,0.084,145.0,0.9978,0.53,9.4,5,0,1
635,8.7,0.84,0.0,0.065,33.0,0.9954,0.55,9.7,5,0,1
631,10.4,0.28,0.54,0.105,19.0,0.9988,0.63,9.5,5,0,0
1392,7.1,0.62,0.06,0.07,12.0,0.9942,0.48,9.8,5,0,1
1213,9.6,0.38,0.42,0.071,13.0,0.99659,0.75,10.5,6,0,0
187,7.7,0.705,0.1,0.084,26.0,0.9976,0.49,9.7,5,0,1
735,7.7,0.965,0.1,0.112,22.0,0.9963,0.5,9.5,5,0,1
793,7.7,0.6,0.0,0.055,13.0,0.99639,0.56,10.8,5,0,1
615,9.6,0.6,0.5,0.079,71.0,0.9997,0.57,9.7,5,0,1
30,6.7,0.675,0.07,0.089,82.0,0.9958,0.54,10.1,5,0,1
91,8.6,0.49,0.28,0.11,136.0,0.9972,1.95,9.9,6,0,0
1569,6.2,0.51,0.14,0.056,34.0,0.99396,0.57,11.5,6,0,0
431,7.8,0.55,0.35,0.074,66.0,0.9974,0.56,9.2,5,0,0
776,6.9,0.765,0.18,0.243,48.0,0.99612,0.6,10.3,6,0,1
1098,8.0,0.31,0.45,0.216,16.0,0.99358,0.81,12.5,7,1,0
63,7.0,0.735,0.05,0.081,54.0,0.9966,0.57,9.8,5,0,1
804,8.4,0.52,0.22,0.084,18.0,0.99682,0.57,9.9,6,0,0
1035,10.1,0.37,0.34,0.085,17.0,0.99683,0.65,10.6,7,0,0
1375,7.2,0.56,0.26,0.083,100.0,0.99586,0.52,9.9,5,0,0
538,12.9,0.35,0.49,0.066,35.0,1.0014,0.66,12.0,7,1,0
1077,8.6,0.37,0.65,0.08,8.0,0.99817,0.58,11.0,5,0,0
1065,7.7,0.61,0.18,0.083,20.0,0.9963,0.6,10.2,6,0,1
349,9.1,0.785,0.0,0.093,28.0,0.9994,0.86,9.4,6,0,1
371,7.9,0.24,0.4,0.056,25.0,0.9967,0.87,8.7,6,0,0
619,11.3,0.37,0.41,0.088,16.0,0.9988,0.8,9.3,5,0,0
1287,8.0,0.6,0.08,0.056,7.0,0.99286,0.37,13.0,5,1,1
837,6.7,0.28,0.28,0.012,100.0,0.99064,0.39,11.7,7,1,0
41,8.8,0.61,0.3,0.088,46.0,0.9976,0.51,9.3,4,0,1
93,7.7,0.49,0.26,0.062,31.0,0.9966,0.64,9.6,5,0,0
334,7.9,0.65,0.01,0.078,38.0,0.9963,0.74,11.7,7,1,1
331,10.2,0.36,0.64,0.122,41.0,0.998,0.66,12.5,6,1,0
1484,6.8,0.91,0.06,0.06,11.0,0.99592,0.64,10.9,4,0,1
641,9.5,0.59,0.44,0.071,68.0,0.9992,0.63,9.5,5,0,0
320,9.8,0.66,0.39,0.083,59.0,0.9989,0.71,11.5,7,0,1
854,9.3,0.36,0.39,0.08,55.0,0.99652,0.73,10.9,6,0,0
1493,7.7,0.54,0.26,0.089,147.0,0.99636,0.59,9.7,5,0,0
739,9.0,0.69,0.0,0.088,38.0,0.999,0.6,9.3,5,0,1
712,8.7,0.69,0.0,0.084,33.0,0.9992,0.45,9.4,5,0,1
1027,6.4,0.795,0.0,0.065,52.0,0.99378,0.52,11.6,5,1,1
866,6.8,0.49,0.22,0.071,24.0,0.99438,0.83,11.3,6,0,0
968,9.0,0.4,0.43,0.068,46.0,0.9943,0.6,12.2,6,1,0
1564,7.2,0.695,0.13,0.076,20.0,0.99546,0.54,10.1,5,0,1
233,6.9,0.52,0.25,0.081,37.0,0.99685,0.5,11.0,5,0,0
1505,6.7,0.76,0.02,0.078,12.0,0.996,0.63,9.95,3,0,1
957,9.5,0.37,0.52,0.088,51.0,0.99613,0.58,11.1,6,0,0
1095,9.4,0.4,0.47,0.087,20.0,0.99772,0.5,10.5,5,0,0
960,8.5,0.47,0.27,0.058,38.0,0.99518,0.85,11.1,6,0,0
311,7.9,0.53,0.24,0.072,105.0,0.996,0.54,9.4,6,0,0
1066,6.6,0.52,0.08,0.07,26.0,0.99358,0.72,12.5,7,1,0
814,12.6,0.41,0.54,0.103,41.0,0.99939,0.76,11.3,6,0,0
1067,11.1,0.31,0.53,0.06,10.0,0.99572,0.83,10.9,7,0,0
137,7.2,0.415,0.36,0.081,45.0,0.9972,0.64,9.2,5,0,0
1109,10.8,0.47,0.43,0.171,66.0,0.9982,0.76,10.8,6,0,0
610,8.8,0.24,0.54,0.083,57.0,0.9983,0.54,9.2,5,0,0
378,11.4,0.625,0.66,0.088,24.0,0.9988,0.99,13.3,6,1,1
912,10.0,0.46,0.44,0.065,8.0,0.99674,0.62,12.2,6,1,0
533,10.3,0.27,0.24,0.072,33.0,0.9956,0.66,12.8,6,1,0
1153,9.6,0.42,0.35,0.083,38.0,0.99622,0.66,11.1,6,0,0
681,8.0,0.45,0.23,0.094,29.0,0.9962,0.49,10.2,6,0,0
10,6.7,0.58,0.08,0.097,65.0,0.9959,0.54,9.2,5,0,0
1185,7.0,0.43,0.3,0.085,39.0,0.99346,0.46,11.9,6,1,0
1586,7.5,0.31,0.41,0.065,60.0,0.99492,0.85,11.4,6,0,0
751,8.3,0.65,0.1,0.089,40.0,0.99803,0.55,9.5,5,0,1
1168,6.5,0.34,0.27,0.067,44.0,0.99384,0.56,12.0,6,1,0
1441,7.4,0.785,0.19,0.094,98.0,0.99713,0.52,9.56666666666667,6,0,1
1526,6.8,0.47,0.08,0.064,38.0,0.99553,0.65,9.6,6,0,0
1062,8.0,0.38,0.44,0.098,15.0,0.9956,0.64,11.4,6,0,0
1466,7.3,0.48,0.32,0.062,54.0,0.99728,0.65,10.0,7,0,0
875,8.8,0.31,0.4,0.109,16.0,0.99614,0.79,11.8,7,1,0
1546,7.0,0.57,0.02,0.072,26.0,0.99575,0.61,10.2,5,0,0
1263,8.2,0.78,0.0,0.089,26.0,0.9978,0.46,9.6,4,0,1
1492,6.2,0.65,0.06,0.05,18.0,0.99348,0.54,11.95,5,1,1
893,7.2,0.66,0.03,0.078,86.0,0.99743,0.57,9.7,5,0,1
112,8.4,0.6,0.1,0.085,111.0,0.9964,0.66,9.8,5,0,1
531,11.9,0.38,0.49,0.098,42.0,1.0004,0.61,10.3,5,0,0
1150,8.2,0.33,0.32,0.067,12.0,0.99473,0.76,12.8,7,1,0
1359,11.6,0.475,0.4,0.091,28.0,0.99704,0.65,10.0333333333333,6,0,0
557,15.6,0.645,0.49,0.095,23.0,1.00315,0.74,11.1,5,0,1
355,6.7,0.75,0.01,0.078,32.0,0.9955,0.61,12.8,6,1,1
915,8.6,0.315,0.4,0.079,6.0,0.99512,0.67,11.9,6,1,0
1280,7.1,0.46,0.2,0.077,54.0,0.9956,0.64,10.4,6,0,0
1085,6.8,0.48,0.08,0.074,64.0,0.99529,0.49,9.6,5,0,0
577,8.8,0.44,0.49,0.083,111.0,0.9982,0.6,9.5,5,0,0
1553,7.3,0.735,0.0,0.08,28.0,0.99765,0.6,9.4,5,0,1
481,9.4,0.3,0.56,0.08,17.0,0.9964,0.92,11.7,8,1,0
587,7.3,0.73,0.24,0.108,102.0,0.9967,0.59,9.3,5,0,1
1292,5.9,0.395,0.13,0.056,28.0,0.99362,0.67,12.4,6,1,0
193,7.6,0.55,0.21,0.071,28.0,0.9964,0.55,9.7,5,0,0
623,7.9,0.51,0.25,0.077,45.0,0.9974,0.96,12.1,6,1,0
704,9.1,0.765,0.04,0.078,14.0,0.998,0.54,9.7,4,0,1
290,8.7,0.52,0.09,0.091,49.0,0.9976,0.86,10.6,7,0,0
231,8.0,0.38,0.06,0.078,49.0,0.99625,0.52,9.9,6,0,0
159,6.8,0.6,0.18,0.079,86.0,0.9968,0.57,9.3,6,0,1
838,10.1,0.31,0.35,0.075,28.0,0.99672,0.83,11.2,7,0,0
232,8.5,0.37,0.2,0.09,58.0,0.998,0.7,9.6,6,0,0
1116,7.0,0.69,0.07,0.091,21.0,0.99572,0.6,11.3,6,0,1
385,7.4,0.63,0.07,0.09,37.0,0.9979,0.76,9.7,6,0,1
506,10.4,0.24,0.46,0.075,21.0,0.9976,1.02,10.8,7,0,0
259,10.0,0.31,0.47,0.085,33.0,0.99965,0.8,10.5,7,0,0
841,6.6,0.66,0.0,0.115,31.0,0.99629,0.63,10.3,5,0,1
1235,6.0,0.33,0.32,0.054,113.0,0.99572,0.56,11.5,4,0,0
359,12.6,0.38,0.66,0.088,41.0,1.001,0.68,9.8,6,0,0
1003,6.8,0.36,0.32,0.067,8.0,0.9928,0.55,12.8,7,1,0
1389,6.7,0.48,0.02,0.08,111.0,0.99524,0.53,9.7,5,0,0
1216,7.9,0.57,0.31,0.079,79.0,0.99677,0.69,9.5,6,0,0
226,8.9,0.59,0.5,0.337,81.0,0.9964,1.61,9.5,6,0,0
579,10.6,0.31,0.49,0.063,40.0,0.9976,0.51,9.8,6,0,0
126,8.2,1.33,0.0,0.081,12.0,0.9964,0.49,10.9,5,0,1
707,7.4,0.49,0.19,0.077,37.0,0.9966,0.51,10.5,5,0,0
463,8.1,0.66,0.7,0.098,129.0,0.9972,0.53,9.0,5,0,1
1129,10.5,0.43,0.35,0.092,70.0,0.99798,0.69,10.5,6,0,0
1501,7.8,0.82,0.29,0.083,64.0,0.99642,0.53,9.4,5,0,1
892,10.1,0.45,0.23,0.082,18.0,0.99774,0.65,9.3,6,0,0
905,9.2,0.58,0.2,0.081,115.0,0.998,0.59,9.5,5,0,0
821,4.9,0.42,0.0,0.048,42.0,0.99154,0.74,14.0,7,1,0
771,9.4,0.685,0.26,0.082,143.0,0.9978,0.55,9.4,5,0,1
310,10.3,0.53,0.48,0.063,25.0,0.9998,0.59,9.3,6,0,0
1489,6.2,0.57,0.1,0.048,11.0,0.99448,0.76,10.8,6,0,0
1072,7.2,0.35,0.26,0.083,75.0,0.9968,0.58,9.5,6,0,0
48,6.4,0.4,0.23,0.066,12.0,0.9958,0.56,9.2,5,0,0
348,9.6,0.56,0.31,0.089,46.0,0.9979,0.92,10.0,6,0,0
138,7.8,0.56,0.19,0.081,105.0,0.9962,0.54,9.5,5,0,0
600,8.2,0.915,0.27,0.088,23.0,0.9962,0.47,10.0,4,0,1
1468,7.3,0.48,0.32,0.062,54.0,0.99728,0.65,10.0,7,0,0
492,8.9,0.4,0.51,0.052,27.0,0.995,0.9,13.4,7,1,0
1164,9.0,0.785,0.24,0.078,21.0,0.99692,0.67,10.0,5,0,1
1597,5.9,0.645,0.12,0.075,44.0,0.99547,0.71,10.2,5,0,1
1080,10.3,0.27,0.56,0.047,8.0,0.99471,0.51,11.8,6,1,0
877,7.7,0.715,0.01,0.064,43.0,0.99371,0.57,11.8,6,1,1
536,9.9,0.63,0.24,0.077,33.0,0.9974,0.57,9.4,5,0,1
908,7.4,0.52,0.13,0.078,61.0,0.99528,0.59,10.8,6,0,0
499,8.7,0.69,0.31,0.086,81.0,1.0002,0.74,11.6,6,1,1
731,8.9,0.875,0.13,0.088,14.0,0.9994,0.52,11.5,5,0,1
750,8.3,0.65,0.1,0.089,40.0,0.99803,0.55,9.5,5,0,1
1428,7.8,0.64,0.0,0.072,55.0,0.9962,0.63,11.0,5,0,1
288,8.7,0.52,0.09,0.091,49.0,0.9976,0.86,10.6,7,0,0
172,8.0,0.42,0.17,0.073,18.0,0.9972,0.61,9.2,6,0,0
1217,8.2,0.34,0.37,0.057,74.0,0.99408,0.81,12.0,6,1,0
31,6.9,0.685,0.0,0.105,37.0,0.9966,0.57,10.6,6,0,1
516,12.5,0.6,0.49,0.1,14.0,1.001,0.74,11.9,6,1,1
136,8.3,0.715,0.15,0.089,52.0,0.9968,0.77,9.5,5,0,1
947,8.3,0.28,0.48,0.093,12.0,0.99408,0.62,12.4,7,1,0
1211,6.6,0.44,0.15,0.076,53.0,0.9957,0.62,9.3,5,0,0
424,7.7,0.96,0.2,0.047,60.0,0.9955,0.44,10.9,5,0,1
502,10.4,0.44,0.73,0.074,76.0,0.999,0.85,12.0,7,1,0
1139,8.2,0.51,0.24,0.079,86.0,0.99764,0.64,9.5,6,0,0
1025,8.6,0.83,0.0,0.095,43.0,0.99822,0.6,10.4,6,0,1
1111,5.4,0.42,0.27,0.092,55.0,0.99471,0.64,12.3,7,1,0
1016,8.9,0.38,0.4,0.068,28.0,0.99486,0.75,12.6,7,1,0
640,9.9,0.54,0.45,0.071,40.0,0.9991,0.62,9.4,5,0,0
82,7.4,0.5,0.47,0.086,73.0,0.997,0.57,9.1,5,0,0
1241,9.8,0.37,0.39,0.079,65.0,0.99729,0.59,9.8,5,0,0
1433,6.1,0.4,0.16,0.069,25.0,0.9955,0.74,10.1,7,0,0
792,7.1,0.61,0.02,0.081,87.0,0.99745,0.6,9.7,6,0,1
26,7.6,0.41,0.24,0.08,11.0,0.9962,0.59,9.5,5,0,0
248,7.7,0.53,0.06,0.074,39.0,0.99615,0.48,9.8,6,0,0
258,7.7,0.41,0.76,0.611,45.0,0.9968,1.26,9.4,5,0,0
1169,7.6,0.5,0.29,0.086,14.0,0.99502,0.62,11.5,6,0,0
578,8.8,0.47,0.49,0.085,110.0,0.9982,0.6,9.8,5,0,0
565,12.7,0.6,0.49,0.075,19.0,0.9994,0.57,11.4,5,0,1
1330,7.4,0.6,0.26,0.083,91.0,0.99616,0.56,9.8,6,0,1
1032,8.1,0.82,0.0,0.095,14.0,0.99854,0.53,9.6,5,0,1
88,9.3,0.39,0.44,0.107,125.0,0.9978,1.22,9.5,5,0,0
1583,6.2,0.46,0.29,0.074,98.0,0.99578,0.62,9.8,5,0,0
601,13.2,0.46,0.52,0.071,35.0,1.0006,0.56,9.0,6,0,0
85,6.9,0.55,0.15,0.076,40.0,0.9961,0.59,10.1,5,0,0
285,9.9,0.59,0.07,0.102,71.0,1.00015,0.71,9.8,5,0,0
1014,8.0,0.58,0.16,0.12,7.0,0.99454,0.58,11.2,6,0,0
816,9.8,0.51,0.19,0.081,30.0,0.9984,0.58,10.5,6,0,0
476,9.3,0.27,0.41,0.091,16.0,0.998,0.7,9.7,5,0,0
494,6.5,0.39,0.23,0.051,91.0,0.9952,0.55,12.1,6,1,0
604,8.3,0.58,0.13,0.096,63.0,0.9984,0.62,9.1,6,0,0
411,9.1,0.45,0.35,0.08,78.0,0.9987,0.62,9.5,5,0,0
247,8.2,0.6,0.17,0.072,73.0,0.9963,0.45,9.3,5,0,1
367,10.4,0.575,0.61,0.076,24.0,1.0,0.69,9.0,5,0,0
1017,8.0,0.18,0.37,0.049,109.0,0.99007,0.44,12.7,6,1,0
132,5.6,0.5,0.09,0.049,99.0,0.9937,0.63,13.0,5,1,0
222,6.8,0.61,0.04,0.057,10.0,0.99525,0.6,9.5,5,0,1
369,9.4,0.27,0.53,0.074,18.0,0.9962,1.13,12.0,7,1,0
269,11.5,0.18,0.51,0.104,23.0,0.9996,0.97,10.1,6,0,0
432,11.9,0.37,0.69,0.078,24.0,0.9958,0.65,12.8,6,1,0
554,15.5,0.645,0.49,0.095,23.0,1.00315,0.74,11.1,5,0,1
140,8.4,0.745,0.11,0.09,63.0,0.9965,0.82,9.6,5,0,1
483,10.6,0.36,0.6,0.152,18.0,0.9986,1.06,9.4,5,0,0
183,6.8,0.61,0.2,0.077,65.0,0.9971,0.58,9.3,5,0,1
921,8.4,0.36,0.32,0.081,79.0,0.9964,0.72,11.0,6,0,0
1448,6.9,0.58,0.01,0.08,54.0,0.99683,0.73,9.7,5,0,0
1183,6.8,0.66,0.07,0.07,61.0,0.99572,0.6,9.3,5,0,1
346,6.6,0.815,0.02,0.072,34.0,0.9955,0.89,12.3,7,1,1
981,9.5,0.86,0.26,0.079,28.0,0.99712,0.62,10.0,5,0,1
480,10.6,0.28,0.39,0.069,23.0,1.0026,0.66,9.2,5,0,0
185,8.9,0.31,0.57,0.111,85.0,0.9971,0.53,9.7,5,0,0
542,9.3,0.715,0.24,0.07,20.0,0.9966,0.59,9.9,5,0,1
667,11.3,0.34,0.45,0.082,15.0,0.9988,0.66,9.2,6,0,0
1476,9.9,0.5,0.5,0.205,82.0,1.00242,0.75,8.8,5,0,0
696,7.0,0.65,0.02,0.066,25.0,0.9972,0.67,9.5,6,0,1
500,7.8,0.52,0.25,0.081,38.0,0.9984,0.65,9.0,6,0,0
602,7.7,0.835,0.0,0.081,14.0,0.9975,0.52,9.3,5,0,1
961,7.1,0.56,0.14,0.078,18.0,0.99592,0.62,9.3,5,0,0
566,8.7,0.7,0.24,0.226,15.0,0.9991,0.6,9.0,6,0,1
585,7.6,0.51,0.24,0.091,38.0,0.998,0.66,9.6,6,0,0
1156,8.5,0.18,0.51,0.071,88.0,0.99524,0.76,11.8,7,1,0
1179,8.2,0.35,0.33,0.076,47.0,0.99599,0.81,11.0,6,0,0
196,7.3,0.58,0.3,0.074,55.0,0.9968,0.59,10.2,5,0,0
1108,8.1,0.78,0.1,0.09,13.0,0.99855,0.49,9.5,5,0,1
992,6.5,0.4,0.1,0.076,47.0,0.99554,0.48,9.4,6,0,0
715,7.2,0.49,0.18,0.069,34.0,0.9967,0.48,9.2,6,0,0
551,9.4,0.43,0.24,0.092,45.0,0.998,0.73,10.0,6,0,0
168,6.8,0.63,0.07,0.089,44.0,0.9953,0.55,10.4,6,0,1
1031,7.3,0.55,0.01,0.093,15.0,0.99514,0.58,11.0,7,0,0
439,7.0,0.62,0.18,0.062,50.0,0.9951,0.6,9.3,5,0,1
1498,6.6,0.895,0.04,0.068,13.0,0.99582,0.58,10.8,6,0,1
895,7.1,0.59,0.01,0.08,43.0,0.9955,0.58,10.7,6,0,0
535,9.1,0.22,0.24,0.078,28.0,0.999,0.87,10.3,6,0,0
1196,7.9,0.58,0.23,0.076,94.0,0.99686,0.58,9.5,6,0,0
879,7.2,0.6,0.04,0.076,88.0,0.99745,0.55,9.5,5,0,1
1131,5.9,0.19,0.21,0.045,135.0,0.99341,0.44,9.5,5,0,0
299,6.9,0.67,0.06,0.08,33.0,0.99845,0.71,9.6,5,0,1
1517,6.5,0.53,0.06,0.063,44.0,0.99489,0.83,10.3,6,0,0
873,9.1,0.21,0.37,0.067,10.0,0.99552,0.58,11.1,7,0,0
899,8.3,1.02,0.02,0.084,11.0,0.99892,0.49,11.0,3,0,1
69,8.0,0.705,0.05,0.074,19.0,0.9962,0.95,10.5,6,0,1
207,7.8,0.57,0.31,0.069,120.0,0.99625,0.53,9.3,5,0,0
459,11.6,0.58,0.66,0.074,47.0,1.0008,0.57,9.0,3,0,0
425,6.6,0.84,0.03,0.059,48.0,0.9952,0.56,12.3,7,1,1
818,7.1,0.715,0.0,0.071,47.0,0.99632,0.45,9.4,5,0,1
1272,5.9,0.46,0.0,0.077,44.0,0.99385,0.53,11.2,5,0,0
366,12.8,0.615,0.66,0.083,42.0,1.0022,0.73,10.0,7,0,1
1165,8.5,0.44,0.5,0.369,38.0,0.99634,1.1,9.4,5,0,0
1056,8.9,0.48,0.53,0.101,10.0,0.99586,0.59,12.1,7,1,0
939,6.2,0.46,0.17,0.073,11.0,0.99425,0.54,11.4,5,0,0
724,7.5,1.115,0.1,0.086,12.0,0.9958,0.6,11.2,4,0,1
122,7.3,0.695,0.0,0.075,13.0,0.998,0.52,9.2,5,0,1
1087,7.9,0.19,0.42,0.057,30.0,0.994,0.69,11.2,6,0,0
700,10.6,1.02,0.43,0.076,88.0,0.9984,0.57,10.1,6,0,1
1167,8.2,0.33,0.39,0.074,48.0,0.99528,0.88,12.4,7,1,0
1252,7.1,0.72,0.0,0.123,14.0,0.99627,0.58,9.8,5,0,1
1160,10.6,0.36,0.57,0.087,20.0,0.99676,0.72,11.1,7,0,0
1260,8.6,0.635,0.68,0.403,56.0,0.99632,1.15,9.3,5,0,1
1419,7.7,0.64,0.21,0.077,133.0,0.9956,0.45,9.9,5,0,1
169,7.5,0.705,0.24,0.36,63.0,0.9964,1.59,9.5,5,0,1
1290,7.6,0.74,0.0,0.1,12.0,0.99521,0.59,11.0,5,0,1
110,7.8,0.56,0.19,0.104,47.0,0.9964,0.93,9.5,5,0,0
106,7.8,0.41,0.68,0.467,69.0,0.9973,1.31,9.3,5,0,0
605,8.3,0.6,0.13,0.085,24.0,0.9984,0.59,9.2,6,0,1
639,8.9,0.29,0.35,0.067,57.0,0.997,1.36,10.3,6,0,0
171,8.0,0.42,0.17,0.073,18.0,0.9972,0.61,9.2,6,0,0
547,10.6,0.31,0.49,0.067,21.0,0.9987,0.86,10.7,6,0,0
87,7.7,0.49,0.26,0.062,31.0,0.9966,0.64,9.6,5,0,0
1159,10.2,0.41,0.43,0.11,37.0,0.99728,0.67,10.8,5,0,0
983,9.1,0.5,0.3,0.065,17.0,0.99774,0.71,10.5,6,0,0
67,6.6,0.705,0.07,0.076,15.0,0.9962,0.58,10.7,5,0,1
1194,7.0,0.745,0.12,0.114,64.0,0.99588,0.59,9.5,6,0,1
977,8.4,0.59,0.29,0.109,119.0,0.99801,0.5,9.1,5,0,0
1206,7.2,0.36,0.46,0.074,44.0,0.99534,0.85,11.0,7,0,0
318,9.8,0.66,0.39,0.083,59.0,0.9989,0.71,11.5,7,0,1
421,6.6,0.84,0.03,0.059,48.0,0.9952,0.56,12.3,7,1,1
1587,5.8,0.61,0.11,0.066,28.0,0.99483,0.66,10.9,6,0,1
1551,7.1,0.67,0.0,0.083,27.0,0.99768,0.54,9.4,5,0,1
65,7.2,0.725,0.05,0.086,11.0,0.9962,0.39,10.9,5,0,1
1499,6.9,0.74,0.03,0.054,16.0,0.99508,0.63,11.5,6,0,1
626,8.8,0.6,0.29,0.098,15.0,0.9988,0.49,9.1,5,0,1
1023,8.2,0.32,0.42,0.098,9.0,0.99506,0.55,12.3,6,1,0
1180,8.2,0.35,0.33,0.076,47.0,0.99599,0.81,11.0,6,0,0
3,11.2,0.28,0.56,0.075,60.0,0.998,0.58,9.8,6,0,0
1380,7.5,0.57,0.02,0.077,35.0,0.99557,0.62,10.8,6,0,0
952,8.2,0.31,0.4,0.058,10.0,0.99536,0.68,11.2,7,0,0
1069,8.0,0.62,0.35,0.086,52.0,0.997,0.62,10.8,5,0,1
737,8.2,0.59,0.0,0.093,58.0,1.0002,0.65,9.3,6,0,0
870,7.7,0.715,0.01,0.064,43.0,0.99371,0.57,11.8,6,1,1
1296,6.6,0.63,0.0,0.093,77.5,0.99558,0.45,9.5,5,0,1
281,7.7,0.27,0.68,0.358,10.0,0.9972,1.08,9.9,7,0,0
1574,5.6,0.31,0.78,0.074,92.0,0.99677,0.48,10.5,6,0,0
523,9.3,0.4,0.49,0.085,142.0,0.9978,0.55,9.4,5,0,0
559,13.0,0.47,0.49,0.085,47.0,1.0021,0.68,12.7,6,1,0
314,7.4,0.36,0.29,0.087,72.0,0.99645,0.68,11.0,5,0,0
972,10.1,0.38,0.5,0.104,13.0,0.99643,0.65,11.6,7,1,0
798,9.4,0.5,0.34,0.082,14.0,0.9987,0.52,10.7,6,0,0
180,8.8,0.61,0.14,0.067,42.0,0.9969,0.59,9.5,5,0,1
1259,6.8,0.64,0.0,0.123,33.0,0.99538,0.63,11.3,6,0,1
1327,6.7,0.46,0.24,0.077,34.0,0.9948,0.6,10.6,6,0,0
515,8.5,0.655,0.49,0.122,151.0,1.001,1.14,9.3,5,0,1
89,7.0,0.62,0.08,0.076,24.0,0.9978,0.53,9.0,5,0,1
876,7.1,0.47,0.0,0.067,14.0,0.99517,0.58,10.9,4,0,0
634,7.9,0.35,0.21,0.073,102.0,0.9964,0.58,9.5,5,0,0
692,8.6,0.49,0.51,0.422,62.0,0.9979,1.17,9.0,5,0,0
393,8.4,0.665,0.61,0.112,95.0,0.997,0.54,9.1,5,0,1
756,6.3,0.98,0.01,0.057,33.0,0.99488,0.46,11.2,6,0,1
1021,11.3,0.36,0.66,0.123,8.0,0.99642,0.53,11.9,6,1,0
1318,7.5,0.63,0.27,0.083,91.0,0.99616,0.58,9.8,6,0,1
151,9.2,0.52,1.0,0.61,69.0,0.9996,2.0,9.4,4,0,0
697,7.0,0.65,0.02,0.066,25.0,0.9972,0.67,9.5,6,0,1
1234,7.1,0.75,0.01,0.059,18.0,0.99242,0.4,12.8,6,1,1
113,10.1,0.31,0.44,0.08,46.0,0.9988,0.67,9.7,6,0,0
1228,5.1,0.42,0.0,0.044,88.0,0.99157,0.73,13.6,7,1,0
1370,8.7,0.78,0.51,0.415,66.0,0.99623,1.17,9.2,5,0,1
403,11.4,0.6,0.49,0.085,41.0,0.9994,0.63,10.5,6,0,1
18,7.4,0.59,0.08,0.086,29.0,0.9974,0.5,9.0,4,0,0
884,8.8,0.61,0.19,0.094,69.0,0.99787,0.5,10.0,6,0,1
383,8.3,0.26,0.42,0.08,27.0,0.9974,0.8,9.4,6,0,0
1558,6.9,0.63,0.33,0.235,115.0,0.99787,0.56,9.5,5,0,1
107,6.2,0.63,0.31,0.088,64.0,0.9969,0.79,9.3,5,0,1
215,7.0,0.49,0.49,0.06,121.0,0.9974,0.76,10.5,5,0,0
652,15.9,0.36,0.65,0.096,71.0,0.9976,0.84,14.9,5,1,0
910,9.3,0.38,0.48,0.132,11.0,0.99577,0.57,13.2,6,1,0
1289,7.0,0.6,0.3,0.068,110.0,0.99914,1.17,10.2,5,0,1
1232,7.6,0.43,0.29,0.075,66.0,0.99718,0.64,9.5,5,0,0
1102,6.1,0.48,0.09,0.078,30.0,0.99402,0.54,11.2,6,0,0
1422,7.0,0.54,0.0,0.079,55.0,0.9956,0.84,11.4,6,0,0
991,7.1,0.34,0.28,0.082,68.0,0.99694,0.48,9.4,5,0,0
534,10.0,0.48,0.24,0.102,32.0,1.0,0.56,10.0,6,0,0
1063,10.2,0.29,0.65,0.075,17.0,0.99565,0.63,11.8,6,1,0
606,9.4,0.41,0.48,0.072,20.0,0.9973,0.79,12.2,7,1,0
1198,7.7,0.26,0.26,0.052,77.0,0.9951,0.79,10.9,6,0,0
703,7.5,0.38,0.48,0.073,84.0,0.9972,0.7,9.6,4,0,0
23,8.5,0.49,0.11,0.084,67.0,0.9968,0.53,9.4,5,0,0
871,6.9,0.56,0.03,0.086,46.0,0.99522,0.57,10.6,5,0,0
883,7.2,0.6,0.04,0.076,88.0,0.99745,0.55,9.5,5,0,1
227,9.0,0.82,0.14,0.089,23.0,0.9984,0.63,9.8,5,0,1
482,10.6,0.36,0.59,0.152,18.0,0.9986,1.05,9.4,5,0,0
216,8.7,0.625,0.16,0.101,49.0,0.9962,0.57,11.0,5,0,1
583,12.0,0.28,0.49,0.074,21.0,0.9976,0.66,9.9,7,0,0
1018,8.0,0.18,0.37,0.049,109.0,0.99007,0.44,12.7,6,1,0
1444,7.3,0.67,0.02,0.072,92.0,0.99566,0.68,11.1,6,0,1
211,8.0,0.725,0.24,0.083,62.0,0.99685,0.56,10.0,6,0,1
473,9.9,0.35,0.55,0.062,14.0,0.9971,0.79,10.6,5,0,0
691,9.2,0.92,0.24,0.087,93.0,0.9998,0.54,9.8,5,0,1
830,7.5,0.685,0.07,0.058,9.0,0.99632,0.55,10.9,4,0,1
1151,6.1,0.58,0.23,0.044,70.0,0.99352,0.65,12.5,6,1,0
699,11.8,0.38,0.55,0.071,19.0,0.9986,0.62,10.8,6,0,0
996,5.6,0.66,0.0,0.087,11.0,0.99378,0.63,12.8,7,1,1
522,8.2,0.39,0.49,0.099,133.0,0.9979,0.99,9.8,5,0,0
727,6.4,0.57,0.02,0.067,11.0,0.997,0.68,9.5,5,0,0
978,7.0,0.4,0.32,0.061,29.0,0.99416,0.49,11.3,7,0,0
485,10.2,0.67,0.39,0.054,17.0,0.9976,0.47,10.0,5,0,1
1093,9.2,0.31,0.36,0.079,31.0,0.99615,0.86,12.0,7,1,0
1264,8.5,0.37,0.32,0.066,51.0,0.99456,0.72,11.8,6,1,0
748,7.2,0.5,0.18,0.071,31.0,0.99761,0.72,9.6,6,0,0
282,7.6,0.52,0.12,0.067,53.0,0.9971,0.57,9.1,5,0,0
1550,7.1,0.68,0.0,0.087,26.0,0.99783,0.53,9.5,5,0,1
702,7.0,0.64,0.02,0.067,23.0,0.997,0.67,9.4,6,0,1
627,8.8,0.6,0.29,0.098,15.0,0.9988,0.49,9.1,5,0,1
315,7.1,0.35,0.29,0.096,53.0,0.9962,0.65,11.0,6,0,0
1113,8.9,0.24,0.39,0.074,10.0,0.99698,0.59,9.5,6,0,0
970,10.4,0.26,0.48,0.066,10.0,0.99724,0.87,10.9,6,0,0
487,10.2,0.645,0.36,0.053,14.0,0.9982,0.42,10.0,6,0,1
1208,7.2,0.36,0.46,0.074,44.0,0.99534,0.85,11.0,7,0,0
1283,8.7,0.63,0.28,0.096,69.0,0.99734,0.63,10.2,6,0,1
1397,7.3,0.59,0.26,0.08,104.0,0.99584,0.52,9.9,5,0,0
40,7.3,0.45,0.36,0.074,87.0,0.9978,0.83,10.5,5,0,0
1555,7.0,0.56,0.17,0.065,24.0,0.99514,0.68,10.55,7,0,0
340,12.2,0.34,0.5,0.066,21.0,1.0,1.18,9.2,6,0,0
1547,6.3,0.6,0.1,0.048,26.0,0.99306,0.51,12.1,5,1,1
174,7.3,0.38,0.21,0.08,35.0,0.9961,0.47,9.5,5,0,0
1325,6.7,0.46,0.24,0.077,34.0,0.9948,0.6,10.6,6,0,0
1115,7.0,0.69,0.07,0.091,21.0,0.99572,0.6,11.3,6,0,1
1274,7.8,0.58,0.13,0.102,36.0,0.9944,0.53,11.2,6,0,0
926,9.4,0.24,0.33,0.061,73.0,0.99786,0.9,10.2,6,0,0
809,7.6,0.48,0.31,0.07,15.0,0.99693,0.55,10.3,6,0,0
217,8.1,0.725,0.22,0.072,41.0,0.9967,0.55,9.1,5,0,1
922,8.4,0.62,0.12,0.072,46.0,0.99504,0.89,11.8,6,1,1
799,9.4,0.5,0.34,0.082,14.0,0.9987,0.52,10.7,6,0,0
1189,8.8,0.955,0.05,0.075,19.0,0.99616,0.44,9.6,4,0,1
1373,7.7,0.75,0.27,0.11,89.0,0.99664,0.45,9.3,5,0,1
1463,6.9,0.63,0.01,0.076,39.0,0.99522,0.53,10.8,6,0,1
14,8.9,0.62,0.18,0.176,145.0,0.9986,0.88,9.2,5,0,1
475,9.6,0.68,0.24,0.087,28.0,0.9988,0.6,10.2,5,0,1
1186,6.6,0.8,0.03,0.079,12.0,0.9963,0.5,12.2,5,1,1
419,6.8,0.77,0.0,0.066,52.0,0.9976,0.68,9.9,5,0,1
209,11.0,0.3,0.58,0.054,19.0,0.998,0.88,10.5,7,0,0
360,8.2,0.7,0.23,0.099,81.0,0.9973,0.7,9.4,5,0,1
1523,6.8,0.48,0.25,0.076,61.0,0.9953,0.6,10.4,5,0,0
1545,6.5,0.63,0.33,0.059,28.0,0.99531,0.64,10.1,6,0,1
1026,7.9,0.31,0.32,0.066,36.0,0.99364,0.56,12.6,6,1,0
395,12.0,0.37,0.76,0.066,38.0,1.0004,0.6,13.0,7,1,0
568,9.8,0.5,0.49,0.25,20.0,0.999,0.79,10.7,6,0,0
1081,7.9,0.3,0.68,0.05,289.0,0.99316,0.51,12.3,7,1,0
1519,6.6,0.7,0.08,0.106,27.0,0.99665,0.58,10.2,5,0,1
201,8.8,0.37,0.48,0.097,145.0,0.9975,1.03,9.3,5,0,0
253,7.7,0.775,0.42,0.092,86.0,0.9959,0.59,9.5,5,0,1
828,7.8,0.57,0.09,0.065,45.0,0.99417,0.74,12.7,8,1,0
189,7.9,0.49,0.32,0.082,144.0,0.9968,0.55,9.5,5,0,0
1121,6.6,0.5,0.0,0.062,28.0,0.99352,0.55,12.3,6,1,0
743,11.6,0.41,0.58,0.096,101.0,1.00024,0.53,10.0,5,0,0
1534,6.6,0.56,0.14,0.064,29.0,0.99397,0.62,11.7,7,1,0
329,10.7,0.46,0.39,0.061,15.0,0.9981,0.62,9.5,5,0,0
705,8.4,1.035,0.15,0.073,54.0,0.999,0.49,9.9,5,0,1
292,10.4,0.55,0.23,0.091,48.0,0.9994,0.64,10.3,6,0,0
39,7.3,0.45,0.36,0.074,87.0,0.9978,0.83,10.5,5,0,0
1149,10.0,0.35,0.47,0.061,11.0,0.99585,0.52,12.0,6,1,0
682,8.5,0.46,0.31,0.078,58.0,0.998,0.54,9.8,5,0,0
803,7.7,0.56,0.08,0.114,46.0,0.9971,0.66,9.6,6,0,0
1057,7.6,0.42,0.25,0.104,90.0,0.99784,0.57,9.1,5,0,0
916,5.3,0.715,0.19,0.161,62.0,0.99395,0.61,11.0,5,0,1
210,9.7,0.53,0.6,0.039,19.0,0.99585,0.86,12.4,6,1,0
553,5.0,1.04,0.24,0.05,96.0,0.9934,0.62,11.5,5,0,1
1265,7.2,0.57,0.05,0.081,36.0,0.99564,0.6,10.3,6,0,0
1301,6.7,0.86,0.07,0.1,57.0,0.99598,0.74,11.7,6,1,1
221,7.4,0.53,0.26,0.101,72.0,0.9957,0.57,9.4,5,0,0
200,9.6,0.32,0.47,0.056,24.0,0.99695,0.82,10.3,7,0,0
377,9.4,0.27,0.53,0.074,18.0,0.9962,1.13,12.0,7,1,0
167,7.3,0.55,0.03,0.072,42.0,0.9956,0.48,9.0,4,0,0
414,8.8,0.52,0.34,0.087,122.0,0.9982,0.61,9.5,5,0,0
468,11.4,0.36,0.69,0.09,21.0,1.0,0.62,9.2,6,0,0
1552,6.3,0.68,0.01,0.103,54.0,0.99586,0.66,11.3,6,0,1
760,9.0,0.58,0.25,0.075,104.0,0.99779,0.57,9.7,5,0,0
941,9.9,0.27,0.49,0.082,17.0,0.99484,0.52,12.5,7,1,0
1218,8.2,0.4,0.31,0.082,24.0,0.996,0.69,10.6,6,0,0
933,7.4,0.61,0.01,0.074,38.0,0.99748,0.65,9.8,5,0,1
622,10.0,0.58,0.22,0.08,32.0,0.9974,0.55,9.5,5,0,0
839,6.0,0.5,0.04,0.092,26.0,0.99647,0.47,10.0,5,0,0
1486,6.8,0.68,0.21,0.07,23.0,0.99546,0.6,10.3,5,0,1
897,7.1,0.59,0.01,0.08,43.0,0.9955,0.58,10.7,6,0,0
341,10.6,0.42,0.48,0.065,18.0,0.9972,0.87,11.3,6,0,0
1079,7.9,0.3,0.68,0.05,278.0,0.99316,0.51,12.3,7,1,0
973,8.5,0.34,0.44,0.079,12.0,0.99605,0.63,10.7,5,0,0
436,8.0,0.67,0.3,0.06,62.0,0.9958,0.56,10.2,6,0,1
918,8.4,0.36,0.32,0.081,79.0,0.9964,0.72,11.0,6,0,0
788,10.0,0.56,0.24,0.079,58.0,0.9991,0.56,10.1,6,0,0
272,10.9,0.37,0.58,0.071,65.0,0.99935,0.78,10.1,5,0,0
836,6.7,0.28,0.28,0.012,100.0,0.99064,0.39,11.7,7,1,0
120,7.3,1.07,0.09,0.178,89.0,0.9962,0.57,9.0,5,0,1
1178,5.6,0.915,0.0,0.041,78.0,0.99346,0.73,11.4,5,0,1
396,6.6,0.735,0.02,0.122,124.0,0.9994,0.53,9.9,5,0,1
399,8.7,0.765,0.22,0.064,42.0,0.9963,0.55,9.4,5,0,1
1474,9.9,0.5,0.5,0.205,82.0,1.00242,0.75,8.8,5,0,0
658,7.2,0.52,0.07,0.074,20.0,0.9973,0.81,9.6,6,0,0
1261,6.3,1.02,0.0,0.083,24.0,0.99437,0.55,11.2,4,0,1
1331,7.8,0.87,0.26,0.107,67.0,0.99668,0.46,9.2,5,0,1
160,7.6,0.95,0.03,0.09,20.0,0.9959,0.56,9.6,5,0,1
521,7.6,0.41,0.49,0.088,43.0,0.998,0.64,9.1,5,0,0
901,7.4,0.635,0.1,0.08,33.0,0.99736,0.69,10.8,7,0,1
911,9.1,0.28,0.46,0.114,9.0,0.99901,0.6,10.9,6,0,0
872,7.3,0.35,0.24,0.067,48.0,0.99576,0.54,10.0,4,0,0
1052,5.6,0.605,0.05,0.073,25.0,0.99258,0.55,12.9,5,1,1
284,9.9,0.59,0.07,0.102,71.0,1.00015,0.71,9.8,5,0,0
42,7.5,0.49,0.2,0.332,14.0,0.9968,0.9,10.5,6,0,0
796,8.7,0.46,0.31,0.126,64.0,0.99746,0.74,9.6,5,0,0
1256,7.5,0.59,0.22,0.082,60.0,0.99499,0.42,9.2,5,0,0
1520,6.5,0.53,0.06,0.063,44.0,0.99489,0.83,10.3,6,0,0
672,9.8,1.24,0.34,0.079,151.0,0.998,0.53,9.5,5,0,1
850,9.3,0.43,0.44,0.085,22.0,0.99708,0.55,9.5,5,0,0
239,8.2,1.0,0.09,0.065,37.0,0.99685,0.55,9.0,6,0,1
1251,7.5,0.58,0.14,0.077,60.0,0.9963,0.59,9.8,5,0,0
408,10.4,0.34,0.58,0.174,16.0,0.997,0.7,11.3,6,0,0
184,6.7,0.62,0.21,0.079,62.0,0.997,0.58,9.3,6,0,1
1554,6.6,0.855,0.02,0.062,23.0,0.99627,0.6,11.0,6,0,1
206,12.8,0.3,0.74,0.095,28.0,0.9994,0.77,10.8,7,0,0
569,6.2,0.36,0.24,0.095,42.0,0.9946,0.57,11.7,6,1,0
777,6.9,0.635,0.17,0.241,18.0,0.9961,0.59,10.3,6,0,1
1339,7.5,0.51,0.02,0.084,31.0,0.99538,0.54,10.5,6,0,0
435,12.3,0.39,0.63,0.091,18.0,1.0004,0.49,9.5,5,0,0
236,7.2,0.63,0.0,0.097,38.0,0.99675,0.58,9.0,6,0,1
787,10.0,0.56,0.24,0.079,58.0,0.9991,0.56,10.1,6,0,0
1596,6.3,0.51,0.13,0.076,40.0,0.99574,0.75,11.0,6,0,0
1013,7.5,0.71,0.0,0.092,31.0,0.99635,0.58,10.0,6,0,1
114,7.8,0.56,0.19,0.104,47.0,0.9964,0.93,9.5,5,0,0
294,13.3,0.34,0.52,0.094,53.0,1.0014,0.81,9.5,6,0,0
173,7.4,0.62,0.05,0.068,42.0,0.9961,0.57,11.5,6,0,1
966,9.0,0.38,0.41,0.103,10.0,0.99604,0.58,11.9,7,1,0
596,12.4,0.4,0.51,0.059,24.0,0.9994,0.6,9.3,6,0,0
1483,8.1,0.33,0.44,0.042,12.0,0.99542,0.61,10.7,5,0,0
1304,7.6,0.79,0.21,0.087,68.0,0.9955,0.44,9.2,5,0,1
36,7.8,0.6,0.14,0.086,15.0,0.9975,0.6,10.8,6,0,1
741,9.2,0.53,0.24,0.078,139.0,0.99788,0.57,9.5,5,0,0
950,8.9,0.12,0.45,0.075,21.0,0.99552,0.76,11.9,7,1,0
1231,7.8,0.815,0.01,0.074,90.0,0.99621,0.62,10.8,5,0,1
1360,9.2,0.54,0.31,0.112,38.0,0.99699,0.56,10.9,5,0,0
906,7.2,0.54,0.27,0.084,78.0,0.9964,0.71,11.0,5,0,0
250,10.8,0.32,0.44,0.063,37.0,0.9985,0.78,10.0,6,0,0
102,8.1,0.545,0.18,0.08,35.0,0.9972,0.59,9.0,6,0,0
848,6.4,0.64,0.21,0.081,31.0,0.99689,0.66,9.8,5,0,1
456,8.9,0.59,0.39,0.095,22.0,0.9986,0.58,10.3,5,0,0
1254,7.8,0.7,0.06,0.079,35.0,0.99628,0.69,10.9,5,0,1
1449,7.2,0.38,0.31,0.056,29.0,0.99472,0.76,11.3,8,0,0
541,9.5,0.46,0.49,0.064,17.0,0.9988,0.73,11.0,6,0,0
6,7.9,0.6,0.06,0.069,59.0,0.9964,0.46,9.4,5,0,1
354,6.1,0.21,0.4,0.066,165.0,0.9912,0.59,11.9,6,1,0
1497,6.9,0.74,0.03,0.054,16.0,0.99508,0.63,11.5,6,0,1
1542,6.7,0.855,0.02,0.064,38.0,0.99472,0.56,10.75,6,0,1
1266,7.2,0.57,0.05,0.081,36.0,0.99564,0.6,10.3,6,0,0
530,9.1,0.22,0.24,0.078,28.0,0.999,0.87,10.3,6,0,0
1424,8.3,0.26,0.37,0.076,23.0,0.9974,0.7,9.6,6,0,0
400,6.6,0.735,0.02,0.122,124.0,0.9994,0.53,9.9,5,0,1
52,6.6,0.5,0.04,0.068,14.0,0.9955,0.64,9.4,6,0,0
576,9.9,0.5,0.24,0.103,14.0,0.9978,0.52,10.0,4,0,0
1491,5.6,0.54,0.04,0.049,13.0,0.9942,0.58,11.4,5,0,0
398,11.5,0.59,0.59,0.087,49.0,0.9988,0.65,11.0,6,0,0
842,10.6,0.5,0.45,0.119,68.0,0.99708,0.72,10.9,6,0,0
60,8.8,0.4,0.4,0.079,52.0,0.998,0.64,9.2,5,0,0
392,9.5,0.37,0.52,0.082,26.0,0.998,0.51,9.5,5,0,0
928,8.6,0.47,0.27,0.055,28.0,0.99516,0.8,11.2,5,0,0
520,9.8,0.25,0.49,0.088,33.0,0.9982,0.9,10.0,6,0,0
524,9.2,0.43,0.49,0.086,116.0,0.9976,0.64,9.5,5,0,0
455,11.3,0.62,0.67,0.086,19.0,0.9988,0.69,13.4,8,1,1
1358,7.4,0.64,0.17,0.168,98.0,0.99736,0.5,9.5,5,0,1
927,8.4,0.67,0.19,0.093,75.0,0.99736,0.59,9.2,4,0,1
969,6.7,0.56,0.09,0.079,22.0,0.99669,0.61,10.2,5,0,0
1431,7.6,0.43,0.31,0.069,74.0,0.9958,0.54,9.9,6,0,0
300,7.5,0.53,0.06,0.086,44.0,0.9965,0.59,10.7,6,0,0
1117,7.0,0.69,0.07,0.091,21.0,0.99572,0.6,11.3,6,0,1
718,8.4,0.56,0.04,0.082,22.0,0.9976,0.44,9.6,5,0,0
447,9.3,0.48,0.29,0.127,16.0,0.9968,0.72,11.2,5,0,0
257,6.6,0.695,0.0,0.075,56.0,0.9968,0.67,9.2,5,0,1
273,8.4,0.715,0.2,0.076,38.0,0.99735,0.64,9.4,5,0,1
469,8.7,0.82,0.02,0.07,48.0,0.9952,0.58,9.8,5,0,1
989,9.7,0.295,0.4,0.073,21.0,0.99556,0.51,10.9,6,0,0
1112,7.9,0.33,0.41,0.056,35.0,0.99396,0.71,11.0,6,0,0
177,7.5,0.52,0.42,0.087,38.0,0.9972,0.61,10.5,6,0,0
115,9.4,0.4,0.31,0.09,62.0,0.9966,0.63,10.5,6,0,0
894,7.2,0.63,0.03,0.08,88.0,0.99745,0.58,9.8,6,0,1
195,7.8,0.59,0.33,0.074,120.0,0.9968,0.54,9.4,5,0,0
999,6.4,0.69,0.0,0.055,12.0,0.99162,0.53,12.9,6,1,1
144,5.2,0.34,0.0,0.05,63.0,0.9916,0.79,14.0,6,1,0
717,7.6,0.46,0.11,0.079,49.0,0.9968,0.57,10.0,5,0,0
1386,7.4,0.64,0.07,0.1,23.0,0.9961,0.58,9.6,5,0,1
1319,9.1,0.76,0.68,0.414,64.0,0.99652,1.33,9.1,6,0,1
1437,6.8,0.915,0.29,0.07,39.0,0.99577,0.54,11.1,5,0,1
781,6.5,0.46,0.14,0.114,37.0,0.99732,0.65,9.8,5,0,0
1307,6.8,0.68,0.09,0.068,29.0,0.99524,0.52,11.1,4,0,1
923,6.8,0.41,0.31,0.084,45.0,0.99824,0.64,10.1,6,0,0
7,7.3,0.65,0.0,0.065,21.0,0.9946,0.47,10.0,7,0,1
1302,9.1,0.37,0.32,0.064,15.0,0.99576,0.8,11.2,6,0,0
955,8.5,0.21,0.52,0.09,23.0,0.99648,0.67,10.4,5,0,0
277,11.5,0.18,0.51,0.104,23.0,0.9996,0.97,10.1,6,0,0
888,6.8,0.57,0.0,0.072,64.0,0.99491,0.56,11.2,6,0,0
364,12.8,0.615,0.66,0.083,42.0,1.0022,0.73,10.0,7,0,1
903,6.8,0.59,0.06,0.06,18.0,0.9962,0.59,10.8,7,0,0
648,8.7,0.48,0.3,0.066,28.0,0.9964,0.67,11.2,7,0,0
103,8.1,0.575,0.22,0.077,65.0,0.9967,0.51,9.2,5,0,0
1155,8.3,0.6,0.25,0.118,38.0,0.99616,0.53,9.8,5,0,1
1369,6.6,0.61,0.0,0.069,8.0,0.99396,0.37,10.4,4,0,1
34,5.2,0.32,0.25,0.103,50.0,0.9957,0.55,9.2,5,0,0
560,12.7,0.6,0.49,0.075,19.0,0.9994,0.57,11.4,5,0,1
1532,7.2,0.53,0.13,0.058,22.0,0.99573,0.68,9.9,6,0,0
1132,7.4,0.36,0.34,0.075,38.0,0.9933,0.88,13.6,7,1,0
407,12.0,0.39,0.66,0.093,30.0,0.9996,0.63,10.8,7,0,0
448,8.6,0.53,0.22,0.1,27.0,0.9967,0.56,10.2,6,0,0
243,15.0,0.21,0.44,0.075,24.0,1.00005,0.84,9.2,7,0,0
312,9.0,0.46,0.31,0.093,98.0,0.99815,0.63,9.5,6,0,0
858,11.7,0.28,0.47,0.054,32.0,0.99686,0.67,10.6,7,0,0
372,9.1,0.28,0.48,0.067,46.0,0.9967,1.04,10.6,6,0,0
656,10.7,0.43,0.39,0.106,32.0,0.9986,0.5,9.6,5,0,0
17,8.1,0.56,0.28,0.368,56.0,0.9968,1.28,9.3,5,0,0
1393,8.0,0.52,0.25,0.078,59.0,0.99612,0.48,10.2,5,0,0
279,8.9,0.4,0.32,0.087,47.0,0.9991,0.77,10.5,7,0,0
655,9.7,0.55,0.17,0.087,53.0,1.0004,0.61,9.4,5,0,0
181,8.9,0.61,0.49,0.27,110.0,0.9972,1.02,9.3,5,0,1
1440,7.2,0.37,0.32,0.062,28.0,0.9947,0.73,11.3,7,0,0
390,5.6,0.85,0.05,0.045,88.0,0.9924,0.82,12.9,8,1,1
525,10.4,0.64,0.24,0.105,53.0,0.9998,0.67,9.9,5,0,1
660,7.2,0.52,0.07,0.074,20.0,0.9973,0.81,9.6,6,0,0
507,11.2,0.67,0.55,0.084,13.0,1.0,0.71,9.5,6,0,1
1175,6.5,0.61,0.0,0.095,59.0,0.99541,0.7,11.5,6,0,1
148,6.9,0.49,0.1,0.074,30.0,0.9959,0.58,10.2,6,0,0
268,6.9,0.54,0.04,0.077,27.0,0.9987,0.91,9.4,6,0,0
1413,9.9,0.57,0.25,0.104,89.0,0.9963,0.9,10.1,5,0,0
556,10.9,0.53,0.49,0.118,17.0,1.0002,0.56,11.7,6,1,0
711,8.9,0.565,0.34,0.093,112.0,0.9998,0.61,9.5,5,0,0
1126,5.8,0.29,0.26,0.063,11.0,0.9915,0.54,13.5,6,1,0
855,7.6,0.735,0.02,0.071,14.0,0.99538,0.71,11.7,7,1,1
1119,5.6,0.66,0.0,0.066,15.0,0.99256,0.58,12.9,5,1,1
1390,6.0,0.49,0.0,0.068,33.0,0.99292,0.59,12.5,6,1,0
1212,6.8,0.65,0.02,0.078,15.0,0.99498,0.62,10.4,6,0,1
1268,6.9,0.41,0.31,0.079,51.0,0.99668,0.55,9.5,6,0,0
636,9.6,0.88,0.28,0.086,147.0,0.9979,0.53,9.4,5,0,1
1176,6.5,0.88,0.03,0.079,47.0,0.99572,0.5,11.2,4,0,1
1338,6.0,0.5,0.0,0.057,26.0,0.99448,0.45,9.5,5,0,0
1513,6.4,0.56,0.15,0.078,65.0,0.99294,0.6,10.5,6,0,0
832,10.4,0.44,0.42,0.145,48.0,0.99832,0.86,9.9,3,0,0
1549,7.4,0.36,0.3,0.074,24.0,0.99419,0.7,11.4,8,0,0
664,12.1,0.4,0.52,0.092,54.0,1.0,0.66,10.2,5,0,0
1355,6.1,0.32,0.25,0.086,32.0,0.99464,0.44,10.1,5,0,0
382,8.3,0.26,0.42,0.08,27.0,0.9974,0.8,9.4,6,0,0
845,6.4,0.64,0.21,0.081,31.0,0.99689,0.66,9.8,5,0,1
1090,10.0,0.26,0.54,0.083,74.0,0.99451,0.63,11.8,8,1,0
1154,6.6,0.58,0.0,0.1,63.0,0.99544,0.68,11.4,6,0,0
1146,7.8,0.5,0.12,0.178,21.0,0.996,0.87,9.8,6,0,0
1582,6.1,0.715,0.1,0.053,27.0,0.99362,0.5,11.9,5,1,1
1214,10.2,0.33,0.46,0.081,9.0,0.99628,0.48,10.4,6,0,0
94,5.0,1.02,0.04,0.045,85.0,0.9938,0.48,10.5,4,0,1
1472,7.6,0.35,0.6,0.073,44.0,0.99656,0.79,11.1,6,0,0
765,9.2,0.67,0.1,0.091,48.0,0.99888,0.54,9.5,6,0,1
12,5.6,0.615,0.0,0.089,59.0,0.9943,0.52,9.9,5,0,1
1346,6.1,0.59,0.01,0.056,13.0,0.99472,0.56,11.4,5,0,0
1038,8.7,0.41,0.41,0.078,42.0,0.9953,0.77,12.6,7,1,0
1312,8.0,1.18,0.21,0.083,41.0,0.99532,0.47,10.5,5,0,1
1575,7.5,0.52,0.4,0.06,20.0,0.99474,0.64,11.8,6,1,0
594,7.9,0.72,0.17,0.096,38.0,0.9978,0.53,9.5,5,0,1
555,15.5,0.645,0.49,0.095,23.0,1.00315,0.74,11.1,5,0,1
586,11.1,0.31,0.49,0.094,47.0,0.9986,1.02,10.6,7,0,0
457,9.2,0.63,0.21,0.097,65.0,0.9988,0.58,9.6,5,0,1
1255,6.1,0.64,0.02,0.069,46.0,0.99358,0.45,11.0,5,0,1
370,6.9,0.765,0.02,0.063,63.0,0.9975,0.78,9.9,5,0,1
1091,7.9,0.34,0.42,0.086,19.0,0.99546,0.6,11.4,6,0,0
1089,11.6,0.41,0.54,0.095,41.0,0.99735,0.76,9.9,7,0,0
1193,6.4,0.885,0.0,0.166,12.0,0.99551,0.51,10.8,5,0,1
1007,9.1,0.3,0.34,0.064,25.0,0.99516,0.84,11.7,7,1,0
986,9.8,0.34,0.39,0.066,7.0,0.9947,0.55,11.4,7,0,0
1488,5.6,0.54,0.04,0.049,13.0,0.9942,0.58,11.4,5,0,0
1147,10.0,0.41,0.45,0.071,14.0,0.99702,0.49,11.8,7,1,0
1417,7.3,0.34,0.33,0.064,37.0,0.9952,0.77,12.1,7,1,0
1352,7.6,0.645,0.03,0.086,57.0,0.9969,0.46,10.3,5,0,1
1041,6.9,0.49,0.19,0.079,26.0,0.99547,0.64,9.8,6,0,0
59,7.3,0.39,0.31,0.074,46.0,0.9962,0.54,9.4,6,0,0
170,7.9,0.885,0.03,0.058,8.0,0.9972,0.33,9.1,4,0,1
38,5.7,1.13,0.09,0.172,19.0,0.994,0.48,9.8,4,0,1
246,7.1,0.68,0.07,0.075,51.0,0.99685,0.52,9.5,5,0,1
1042,8.9,0.5,0.21,0.088,39.0,0.99692,0.83,11.1,6,0,0
1221,10.9,0.32,0.52,0.132,44.0,0.99734,0.77,11.5,6,0,0
442,15.6,0.685,0.76,0.1,43.0,1.0032,0.68,11.2,7,0,1
603,13.2,0.46,0.52,0.071,35.0,1.0006,0.56,9.0,6,0,0
1543,11.1,0.44,0.42,0.064,19.0,0.99758,0.57,10.4,6,0,0
1452,6.6,0.58,0.02,0.062,53.0,0.99374,0.76,11.6,7,1,0
1592,6.3,0.51,0.13,0.076,40.0,0.99574,0.75,11.0,6,0,0
117,7.8,0.56,0.12,0.082,28.0,0.997,0.5,9.4,6,0,0
651,9.8,0.88,0.25,0.104,155.0,1.001,0.67,11.2,5,0,1
860,7.2,0.62,0.06,0.077,85.0,0.99746,0.54,9.5,5,0,1
1321,5.0,0.74,0.0,0.041,46.0,0.99258,0.59,12.5,6,1,1
1363,8.0,0.83,0.27,0.08,63.0,0.99652,0.48,9.8,4,0,1
1240,7.5,0.61,0.2,0.076,60.0,0.99494,0.4,9.3,5,0,1
846,6.4,0.64,0.21,0.081,31.0,0.99689,0.66,9.8,5,0,1
308,10.3,0.43,0.44,0.214,12.0,0.9994,0.63,9.5,6,0,0
649,6.7,0.42,0.27,0.068,148.0,0.9948,0.57,11.3,6,0,0
1033,7.5,0.57,0.08,0.089,27.0,0.99592,0.59,10.4,6,0,0
1490,7.1,0.22,0.49,0.039,18.0,0.99344,0.56,12.4,6,1,0
1336,6.0,0.5,0.0,0.057,26.0,0.99448,0.45,9.5,5,0,0
504,10.5,0.24,0.42,0.077,22.0,0.9976,1.05,10.8,7,0,0
1482,7.2,0.58,0.54,0.114,9.0,0.99719,0.57,10.3,4,0,0
852,8.0,0.42,0.32,0.08,122.0,0.99801,1.07,9.7,5,0,0
764,9.1,0.68,0.11,0.093,44.0,0.99888,0.55,9.5,6,0,1
904,6.8,0.59,0.06,0.06,18.0,0.9962,0.59,10.8,7,0,0
726,8.1,0.72,0.09,0.084,49.0,0.9994,0.72,11.1,6,0,1
1024,7.7,0.58,0.01,0.088,18.0,0.99568,0.56,10.5,7,0,0
938,7.2,0.38,0.38,0.068,42.0,0.99356,0.72,12.9,7,1,0
1500,7.5,0.725,0.04,0.076,15.0,0.99508,0.53,9.6,5,0,1
1174,7.6,0.36,0.31,0.079,65.0,0.99716,0.62,9.5,6,0,0
784,7.1,0.59,0.01,0.077,85.0,0.99746,0.59,9.8,5,0,0
588,5.0,0.42,0.24,0.06,50.0,0.9917,0.74,14.0,8,1,0
774,7.9,0.4,0.3,0.157,45.0,0.99727,0.91,9.5,6,0,0
143,6.3,0.39,0.08,0.066,20.0,0.9954,0.58,9.4,5,0,0
176,7.3,0.38,0.21,0.08,35.0,0.9961,0.47,9.5,5,0,0
769,7.9,0.72,0.01,0.076,32.0,0.99668,0.54,9.6,5,0,1
1494,6.4,0.31,0.09,0.066,28.0,0.99459,0.7,10.0,7,0,0
1249,7.1,0.6,0.01,0.079,37.0,0.99514,0.61,10.9,6,0,1
1059,8.9,0.48,0.53,0.101,10.0,0.99586,0.59,12.1,7,1,0
77,6.8,0.785,0.0,0.104,30.0,0.9966,0.55,10.7,6,0,1
1224,12.6,0.39,0.49,0.08,20.0,0.9992,0.82,10.3,6,0,0
1447,6.8,0.67,0.0,0.08,39.0,0.99701,0.74,9.7,5,0,1
1371,7.5,0.58,0.56,0.153,14.0,0.99476,1.03,11.6,6,1,0
240,8.9,0.635,0.37,0.263,62.0,0.9971,1.09,9.3,5,0,1
962,6.6,0.57,0.02,0.115,16.0,0.99654,0.69,9.5,5,0,0
166,6.8,0.64,0.1,0.085,101.0,0.9956,0.52,10.2,5,0,1
859,6.8,0.56,0.22,0.074,24.0,0.99438,0.82,11.2,6,0,0
1443,6.9,0.58,0.2,0.058,22.0,0.99322,0.49,11.7,5,1,0
404,7.7,0.69,0.05,0.075,27.0,0.9974,0.61,9.1,5,0,1
1019,7.0,0.5,0.14,0.078,23.0,0.99636,0.61,10.4,5,0,0
1563,7.2,0.695,0.13,0.076,20.0,0.99546,0.54,10.1,5,0,1
807,8.2,0.28,0.4,0.052,10.0,0.99356,0.7,12.8,7,1,0
1242,9.0,0.4,0.41,0.058,40.0,0.99414,0.6,12.2,6,1,0
1004,8.2,0.43,0.29,0.081,45.0,0.99603,0.54,10.3,5,0,0
1385,8.0,0.81,0.25,0.076,85.0,0.99668,0.42,9.2,5,0,1
1203,9.9,0.74,0.19,0.111,76.0,0.99878,0.55,9.4,5,0,1
1384,7.1,0.755,0.15,0.107,84.0,0.99593,0.5,9.5,5,0,1
1152,8.3,0.6,0.25,0.118,38.0,0.99616,0.53,9.8,5,0,1
86,8.6,0.49,0.28,0.11,136.0,0.9972,1.95,9.9,6,0,0
19,7.9,0.32,0.51,0.341,56.0,0.9969,1.08,9.2,6,0,0
990,7.7,0.39,0.12,0.097,27.0,0.99596,0.49,9.4,5,0,0
675,9.3,0.41,0.39,0.064,31.0,0.9984,0.65,10.2,5,0,0
1009,9.6,0.5,0.36,0.116,55.0,0.99722,0.68,10.9,5,0,0
224,8.4,0.635,0.36,0.089,55.0,0.99745,0.57,10.4,4,0,1
608,10.1,0.65,0.37,0.11,65.0,1.0026,0.64,10.4,6,0,1
1243,8.3,0.56,0.22,0.082,86.0,0.9983,0.62,9.5,5,0,0
688,7.7,0.66,0.04,0.039,9.0,0.9962,0.47,9.4,5,0,1
11,7.5,0.5,0.36,0.071,102.0,0.9978,0.8,10.5,5,0,0
847,7.4,0.68,0.16,0.078,39.0,0.9977,0.7,9.9,6,0,1
1308,9.7,0.69,0.32,0.088,91.0,0.9979,0.62,10.1,5,0,1
510,12.4,0.42,0.49,0.073,43.0,0.9978,0.61,9.5,5,0,0
1215,8.8,0.27,0.46,0.095,29.0,0.99488,0.56,11.3,6,0,0
1245,7.4,0.55,0.19,0.082,34.0,0.99655,0.68,10.5,5,0,0
1105,6.3,0.57,0.28,0.048,49.0,0.99374,0.6,12.8,5,1,0
203,7.0,0.42,0.35,0.088,39.0,0.9961,0.55,9.2,5,0,0
1145,8.2,0.2,0.43,0.076,51.0,0.99672,0.81,10.4,6,0,0
878,8.8,0.61,0.19,0.094,69.0,0.99787,0.5,10.0,6,0,1
1006,9.1,0.29,0.33,0.063,27.0,0.99516,0.84,11.7,7,1,0
723,7.1,0.31,0.3,0.053,127.0,0.9965,1.62,9.5,5,0,0
1556,6.6,0.88,0.04,0.066,20.0,0.99636,0.56,9.9,5,0,1
1572,7.3,0.69,0.32,0.069,104.0,0.99632,0.51,9.5,5,0,1
401,7.7,0.26,0.3,0.059,38.0,0.9949,0.47,10.8,6,0,0
131,5.6,0.5,0.09,0.049,99.0,0.9937,0.63,13.0,5,1,0
995,7.7,0.6,0.06,0.079,41.0,0.99697,0.62,10.1,6,0,1
1166,9.9,0.54,0.26,0.111,60.0,0.99709,0.98,10.2,5,0,0
1473,6.1,0.6,0.08,0.071,45.0,0.99336,0.54,11.0,5,0,1
1172,9.7,0.42,0.46,0.074,16.0,0.99649,0.74,12.3,6,1,0
563,7.6,0.29,0.49,0.092,60.0,0.9971,0.61,10.1,6,0,0
1522,6.1,0.32,0.25,0.071,58.0,0.99633,0.97,10.6,5,0,0
963,8.8,0.27,0.39,0.1,27.0,0.99546,0.69,11.2,6,0,0
1434,10.2,0.54,0.37,0.214,95.0,1.00369,0.77,9.0,6,0,0
496,7.8,0.52,0.25,0.081,38.0,0.9984,0.65,9.0,6,0,0
1536,6.1,0.53,0.08,0.077,45.0,0.99528,0.68,10.3,6,0,0
752,7.6,0.54,0.13,0.097,66.0,0.99785,0.61,9.4,5,0,0
1496,7.7,0.54,0.26,0.089,147.0,0.99636,0.59,9.7,5,0,0
1124,6.5,0.58,0.0,0.096,13.0,0.99557,0.62,11.5,4,0,0
1333,9.1,0.775,0.22,0.079,48.0,0.9976,0.51,9.6,5,0,1
1036,7.6,0.31,0.34,0.082,35.0,0.99356,0.59,12.5,7,1,0
975,7.2,0.41,0.3,0.083,72.0,0.997,0.52,9.4,5,0,0
1043,9.5,0.39,0.41,0.069,39.0,0.99859,0.81,10.9,7,0,0
668,10.0,0.73,0.43,0.059,31.0,0.9966,0.57,11.0,5,0,1
552,9.5,0.46,0.24,0.092,44.0,0.998,0.74,10.0,6,0,0
157,7.1,0.43,0.42,0.071,128.0,0.9973,0.71,10.5,5,0,0
104,7.2,0.49,0.24,0.07,36.0,0.996,0.48,9.4,5,0,0
862,7.5,0.42,0.32,0.067,25.0,0.99628,0.44,10.4,5,0,0
100,8.3,0.61,0.3,0.084,50.0,0.9972,0.61,10.2,6,0,1
1010,8.9,0.28,0.45,0.067,12.0,0.99354,0.55,12.3,7,1,0
81,7.8,0.43,0.7,0.464,67.0,0.9974,1.28,9.4,5,0,0
609,6.3,0.36,0.19,0.075,39.0,0.9956,0.52,12.7,6,1,0
302,8.3,0.705,0.12,0.092,28.0,0.9994,0.72,10.0,5,0,1
465,10.0,0.29,0.4,0.098,26.0,1.0006,0.91,9.7,5,0,0
822,6.7,0.54,0.13,0.076,36.0,0.9973,0.64,9.8,5,0,0
851,9.3,0.43,0.44,0.085,22.0,0.99708,0.55,9.5,5,0,0
1577,6.2,0.7,0.15,0.076,27.0,0.99622,0.6,11.9,6,1,1
1008,8.9,0.35,0.4,0.11,24.0,0.99549,0.7,12.0,7,1,0
62,7.5,0.52,0.16,0.085,35.0,0.9968,0.62,9.5,7,0,0
251,7.1,0.6,0.0,0.074,34.0,0.9972,0.7,9.9,6,0,1
205,12.8,0.3,0.74,0.095,28.0,0.9994,0.77,10.8,7,0,0
1421,7.5,0.4,0.18,0.079,58.0,0.9965,0.58,9.4,5,0,0
472,12.5,0.37,0.55,0.083,68.0,0.9995,0.82,10.4,6,0,0
1487,6.0,0.64,0.05,0.066,17.0,0.99496,0.78,10.6,5,0,1
582,11.7,0.49,0.49,0.083,15.0,1.0,0.43,9.2,5,0,0
1515,6.9,0.84,0.21,0.074,65.0,0.99842,0.72,9.25,6,0,1
5,7.4,0.66,0.0,0.075,40.0,0.9978,0.56,9.4,5,0,1
791,8.8,0.64,0.17,0.084,130.0,0.99818,0.54,9.6,5,0,1
1199,7.9,0.58,0.23,0.076,94.0,0.99686,0.58,9.5,6,0,0
1064,8.2,0.74,0.09,0.067,10.0,0.99418,0.57,11.8,6,1,1
45,4.6,0.52,0.15,0.054,65.0,0.9934,0.56,13.1,4,1,0
805,8.2,0.28,0.4,0.052,10.0,0.99356,0.7,12.8,7,1,0
827,7.1,0.46,0.14,0.076,37.0,0.99624,0.49,10.7,5,0,0
53,8.6,0.38,0.36,0.081,119.0,0.997,0.56,9.4,5,0,0
1528,7.9,0.29,0.49,0.096,59.0,0.99714,0.67,10.1,6,0,0
1267,10.4,0.43,0.5,0.068,19.0,0.996,0.87,11.4,6,0,0
1590,6.3,0.55,0.15,0.077,35.0,0.99314,0.82,11.6,6,1,0
1535,7.0,0.55,0.13,0.075,35.0,0.9959,0.59,9.7,6,0,0
99,8.1,0.545,0.18,0.08,35.0,0.9972,0.59,9.0,6,0,0
1504,7.5,0.38,0.57,0.106,12.0,0.99605,0.55,11.4,6,0,0
745,7.3,0.51,0.18,0.07,28.0,0.99768,0.73,9.5,6,0,0
512,10.7,0.4,0.48,0.125,49.0,0.998,0.81,9.7,6,0,0
154,7.1,0.43,0.42,0.07,129.0,0.9973,0.72,10.5,5,0,0
1210,6.8,0.65,0.02,0.078,15.0,0.99498,0.62,10.4,6,0,1
612,7.5,0.64,0.0,0.077,29.0,0.9965,0.6,10.0,6,0,1
9,7.5,0.5,0.36,0.071,102.0,0.9978,0.8,10.5,5,0,0
386,7.8,0.54,0.26,0.088,48.0,0.9981,0.74,9.2,6,0,0
1269,5.5,0.49,0.03,0.044,87.0,0.9908,0.82,14.0,8,1,0
46,7.7,0.935,0.43,0.114,114.0,0.997,0.73,9.2,5,0,1
484,10.6,0.44,0.68,0.114,24.0,0.997,0.66,13.4,6,1,0
1075,9.1,0.25,0.34,0.071,67.0,0.99769,0.86,10.2,7,0,0
964,8.5,0.47,0.27,0.058,38.0,0.99518,0.85,11.1,6,0,0
729,6.4,0.865,0.03,0.071,58.0,0.995,0.49,12.7,6,1,1
679,10.8,0.26,0.45,0.06,49.0,0.9972,0.54,9.6,5,0,0
795,10.8,0.89,0.3,0.132,60.0,0.99786,1.18,10.2,5,0,1
993,7.1,0.34,0.28,0.082,68.0,0.99694,0.48,9.4,5,0,0
1567,7.2,0.695,0.13,0.076,20.0,0.99546,0.54,10.1,5,0,1
592,9.0,0.45,0.49,0.084,75.0,0.9987,0.57,9.7,5,0,0
625,6.8,0.69,0.0,0.124,58.0,0.9997,0.72,10.2,5,0,1
1316,5.4,0.74,0.0,0.041,46.0,0.99258,0.59,12.5,6,1,1
1125,8.8,0.24,0.35,0.055,27.0,0.99394,0.59,11.3,7,0,0
135,8.4,0.745,0.11,0.09,63.0,0.9965,0.82,9.6,5,0,1
1050,7.1,0.43,0.17,0.082,51.0,0.99634,0.64,10.4,5,0,0
119,7.0,0.69,0.08,0.097,89.0,0.9959,0.54,9.2,6,0,1
734,7.7,0.56,0.2,0.075,39.0,0.9987,0.62,9.3,5,0,0
1061,9.1,0.4,0.5,0.071,16.0,0.99462,0.69,12.5,8,1,0
322,7.8,0.62,0.05,0.079,18.0,0.99735,0.63,9.3,5,0,1
782,9.0,0.82,0.05,0.081,96.0,0.99814,0.53,10.0,5,0,1
1502,7.3,0.585,0.18,0.078,60.0,0.99638,0.54,9.8,5,0,0
278,10.3,0.32,0.45,0.073,13.0,0.9976,0.82,12.6,8,1,0
562,9.0,0.54,0.49,0.094,110.0,0.9982,0.61,9.2,5,0,0
543,11.2,0.66,0.24,0.085,53.0,0.9993,0.72,11.0,6,0,1
550,6.8,0.51,0.01,0.074,25.0,0.9958,0.56,9.5,6,0,0
402,12.2,0.48,0.54,0.085,64.0,1.0,0.61,10.5,6,0,0
638,7.7,0.915,0.12,0.143,23.0,0.9964,0.65,10.2,7,0,1
220,7.8,0.34,0.37,0.082,58.0,0.9964,0.59,9.4,6,0,0
517,10.4,0.61,0.49,0.2,16.0,0.9994,0.63,8.4,3,0,1
1509,7.9,0.18,0.4,0.062,20.0,0.9941,0.7,11.1,5,0,0
1320,9.7,0.66,0.34,0.094,88.0,0.99796,0.66,10.1,5,0,1
1328,6.5,0.52,0.11,0.073,38.0,0.9955,0.52,9.3,5,0,0
1426,7.7,0.23,0.37,0.046,60.0,0.9971,0.71,12.1,6,1,0
464,11.5,0.315,0.54,0.084,15.0,0.9987,0.7,9.2,6,0,0
511,10.0,0.59,0.31,0.09,62.0,0.9994,0.63,10.2,6,0,0
940,9.6,0.33,0.52,0.074,25.0,0.99509,0.76,12.4,7,1,0
693,9.0,0.48,0.32,0.084,122.0,0.9984,0.62,9.4,5,0,0
267,7.9,0.35,0.46,0.078,37.0,0.9973,0.86,12.8,8,1,0
1436,10.0,0.38,0.38,0.169,90.0,0.99914,0.65,8.5,5,0,0
1281,7.1,0.46,0.2,0.077,54.0,0.9956,0.64,10.4,6,0,0
101,7.8,0.5,0.3,0.075,22.0,0.9959,0.56,10.4,6,0,0
1598,6.0,0.31,0.47,0.067,42.0,0.99549,0.66,11.0,6,0,0
646,7.3,0.67,0.05,0.107,20.0,0.9972,0.63,10.1,5,0,1
64,7.2,0.725,0.05,0.086,11.0,0.9962,0.39,10.9,5,0,1
1120,7.9,0.54,0.34,0.076,17.0,0.99235,0.72,13.1,8,1,0
684,9.8,0.98,0.32,0.078,152.0,0.998,0.48,9.4,5,0,1
1411,6.4,0.47,0.4,0.071,19.0,0.9963,0.73,10.6,6,0,0
1084,7.2,0.38,0.3,0.073,70.0,0.99685,0.59,9.5,6,0,0
1086,8.5,0.34,0.4,0.055,9.0,0.99738,0.66,11.6,7,1,0
1270,5.0,0.38,0.01,0.048,60.0,0.99084,0.75,14.0,6,1,0
451,8.4,0.37,0.53,0.413,26.0,0.9979,1.06,9.1,6,0,0
441,11.9,0.4,0.65,0.068,27.0,0.9988,0.68,11.3,6,0,0
762,8.8,0.7,0.0,0.069,19.0,0.99701,0.53,10.0,6,0,1
808,7.4,0.53,0.12,0.165,12.0,0.99702,0.86,9.2,5,0,0
1238,8.1,0.73,0.0,0.081,24.0,0.99798,0.46,9.6,4,0,1
659,7.1,0.84,0.02,0.096,13.0,0.997,0.57,11.0,4,0,1
325,10.0,0.49,0.2,0.071,50.0,1.0015,0.69,9.2,6,0,0
1015,10.5,0.39,0.46,0.075,27.0,0.99598,0.84,11.4,6,0,0
127,8.1,1.33,0.0,0.082,12.0,0.9964,0.48,10.9,5,0,1
467,8.8,0.46,0.45,0.065,18.0,0.9947,0.79,14.0,6,1,0
55,7.7,0.62,0.04,0.084,45.0,0.9978,0.53,9.5,5,0,1
695,5.1,0.47,0.02,0.034,44.0,0.9921,0.62,12.8,6,1,0
1334,7.2,0.835,0.0,0.166,11.0,0.99608,0.52,10.0,5,0,1
1278,8.0,0.715,0.22,0.075,81.0,0.99688,0.54,9.5,6,0,1
418,11.9,0.38,0.51,0.121,20.0,0.9996,0.76,10.4,6,0,0
237,7.2,0.645,0.0,0.097,39.0,0.99675,0.58,9.2,6,0,1
1246,7.4,0.74,0.07,0.086,48.0,0.99502,0.48,10.0,5,0,1
1332,8.4,0.39,0.1,0.075,25.0,0.99581,0.43,9.7,6,0,0
929,8.7,0.33,0.38,0.063,19.0,0.99468,0.73,12.0,7,1,0
755,7.8,0.91,0.07,0.058,47.0,0.99525,0.43,10.7,6,0,1
1470,10.0,0.69,0.11,0.084,24.0,0.99578,0.47,9.7,5,0,1
1190,9.1,0.4,0.57,0.08,20.0,0.99652,0.57,12.5,6,1,0
213,8.2,0.57,0.26,0.06,65.0,0.9959,0.43,10.1,5,0,0
629,7.6,0.685,0.23,0.111,84.0,0.9964,0.61,9.3,5,0,1
1011,8.9,0.32,0.31,0.088,19.0,0.9957,0.55,10.4,6,0,0
51,6.6,0.52,0.04,0.069,15.0,0.9956,0.63,9.4,6,0,0
1394,6.4,0.57,0.14,0.07,73.0,0.99669,0.48,9.2,5,0,0
70,7.7,0.63,0.08,0.076,27.0,0.9967,0.54,9.5,6,0,1
624,6.8,0.69,0.0,0.124,58.0,0.9997,0.72,10.2,5,0,1
92,8.6,0.49,0.29,0.11,133.0,0.9972,1.98,9.8,5,0,0
539,11.2,0.5,0.74,0.1,17.0,0.9996,0.62,11.2,5,0,0
1457,7.6,0.49,0.33,0.074,85.0,0.99706,0.58,9.0,5,0,0
1054,8.2,0.64,0.27,0.095,77.0,0.99747,0.62,9.1,6,0,1
179,8.8,0.61,0.14,0.067,42.0,0.9969,0.59,9.5,5,0,1
645,7.8,0.64,0.1,0.115,11.0,0.9984,0.69,10.1,7,0,1
829,5.9,0.61,0.08,0.071,24.0,0.99376,0.77,11.1,6,0,1
158,7.1,0.68,0.0,0.073,22.0,0.9969,0.5,9.3,5,0,1
887,10.7,0.52,0.38,0.066,56.0,0.99577,0.79,12.1,7,1,0
163,7.4,0.6,0.26,0.07,121.0,0.9982,0.49,9.4,5,0,1
1309,7.0,0.62,0.1,0.071,63.0,0.996,0.61,9.2,5,0,1
